{"type":"FeatureCollection","features":[{"type":"Feature","geometry":{"type":"Point","coordinates":[115.8,5.8]},"properties":{"model":"MRI3","waveHeight":0.7068401575088501,"wavePeriod":9.00713062286377,"peakPeriod":9.192388534545898,"waveDirection":350.0,"windSpeed":0.983514130115509,"windDirection":108.98762512207031,"swellHeight":0.7068401575088501,"windSeaHeight":0.0,"seaLevelPressure":1013.4000244140625,"windSeaHeight_w":0.0,"windSeaPeriod_w":2.0,"windSeaDir_w":null,"swell1Height":0.7031843662261963,"swell1Period":9.047745704650879,"swell1Direction":350.0,"swell2Height":0.06714854389429092,"swell2Period":4.925232887268066,"swell2Direction":270.0}},{"type":"Feature","geometry":{"type":"Point","coordinates":[119.0,5.8]},"properties":{"model":"MRI3","waveHeight":0.36081311106681824,"wavePeriod":5.309499263763428,"peakPeriod":4.596194267272949,"waveDirection":20.0,"windSpeed":4.203546047210693,"windDirection":7.2433624267578125,"swellHeight":0.32461845874786377,"windSeaHeight":0.15750858187675476,"seaLevelPressure":1012.9000244140625,"windSeaHeight_w":0.15750858187675476,"windSeaPeriod_w":4.006612777709961,"windSeaDir_w":10.0,"swell1Height":0.3197866976261139,"swell1Period":5.55580997467041,"swell1Direction":20.0,"swell2Height":0.049042221158742905,"swell2Period":8.39250659942627,"swell2Direction":330.0}},{"type":"Feature","geometry":{"type":"Point","coordinates":[119.8,5.8]},"properties":{"model":"MRI3","waveHeight":0.3921589255332947,"wavePeriod":5.31867790222168,"peakPeriod":4.214728355407715,"waveDirection":10.0,"windSpeed":4.4943742752075195,"windDirection":8.057998657226562,"swellHeight":0.32058098912239075,"windSeaHeight":0.22586826980113983,"seaLevelPressure":1012.6000366210938,"windSeaHeight_w":0.22586826980113983,"windSeaPeriod_w":4.183448314666748,"windSeaDir_w":10.0,"swell1Height":0.3097204267978668,"swell1Period":5.701034069061279,"swell1Direction":10.0,"swell2Height":0.04916578158736229,"swell2Period":10.063298225402832,"swell2Direction":0.0}},{"type":"Feature","geometry":{"type":"Point","coordinates":[120.6,5.8]},"properties":{"model":"MRI3","waveHeight":0.3137345314025879,"wavePeriod":5.571847438812256,"peakPeriod":4.596194267272949,"waveDirection":0.0,"windSpeed":4.661384105682373,"windDirection":6.65240478515625,"swellHeight":0.2581097483634949,"windSeaHeight":0.17834998667240143,"seaLevelPressure":1012.4000244140625,"windSeaHeight_w":0.17834998667240143,"windSeaPeriod_w":4.200717449188232,"windSeaDir_w":10.0,"swell1Height":0.24429447948932648,"swell1Period":6.076016426086426,"swell1Direction":350.0,"swell2Height":0.045755401253700256,"swell2Period":10.146352767944336,"swell2Direction":350.0}},{"type":"Feature","geometry":{"type":"Point","coordinates":[121.39999999999999,5.8]},"properties":{"model":"MRI3","waveHeight":0.18163689970970154,"wavePeriod":2.0,"peakPeriod":1.0,"waveDirection":null,"windSpeed":3.179701089859009,"windDirection":345.6141357421875,"swellHeight":0.18163689970970154,"windSeaHeight":0.0,"seaLevelPressure":1012.2999877929688,"windSeaHeight_w":0.0,"windSeaPeriod_w":2.0,"windSeaDir_w":null,"swell1Height":0.13513916730880737,"swell1Period":5.3476128578186035,"swell1Direction":340.0,"swell2Height":0.11092069000005722,"swell2Period":6.489090442657471,"swell2Direction":80.0}},{"type":"Feature","geometry":{"type":"Point","coordinates":[122.2,5.8]},"properties":{"model":"MRI3","waveHeight":0.1419523060321808,"wavePeriod":2.0,"peakPeriod":1.0,"waveDirection":null,"windSpeed":2.293686866760254,"windDirection":3.2491302490234375,"swellHeight":0.1419523060321808,"windSeaHeight":0.0,"seaLevelPressure":1012.1000366210938,"windSeaHeight_w":0.0,"windSeaPeriod_w":2.0,"windSeaDir_w":null,"swell1Height":0.06077393516898155,"swell1Period":5.830765247344971,"swell1Direction":100.0,"swell2Height":0.059617411345243454,"swell2Period":8.010276794433594,"swell2Direction":100.0}},{"type":"Feature","geometry":{"type":"Point","coordinates":[123.0,5.8]},"properties":{"model":"MRI3","waveHeight":0.11697915196418762,"wavePeriod":2.0,"peakPeriod":1.0,"waveDirection":null,"windSpeed":2.6610147953033447,"windDirection":344.97149658203125,"swellHeight":0.11697915196418762,"windSeaHeight":0.0,"seaLevelPressure":1012.1000366210938,"windSeaHeight_w":0.0,"windSeaPeriod_w":2.0,"windSeaDir_w":null,"swell1Height":0.0707724466919899,"swell1Period":6.290323257446289,"swell1Direction":100.0,"swell2Height":0.023839790374040604,"swell2Period":9.51693058013916,"swell2Direction":90.0}},{"type":"Feature","geometry":{"type":"Point","coordinates":[123.8,5.8]},"properties":{"model":"MRI3","waveHeight":0.1043175458908081,"wavePeriod":2.0,"peakPeriod":1.0,"waveDirection":null,"windSpeed":1.8384774923324585,"windDirection":300.7499694824219,"swellHeight":0.1043175458908081,"windSeaHeight":0.0,"seaLevelPressure":1012.0,"windSeaHeight_w":0.0,"windSeaPeriod_w":2.0,"windSeaDir_w":null,"swell1Height":0.05728088691830635,"swell1Period":5.933559894561768,"swell1Direction":110.0,"swell2Height":0.019760197028517723,"swell2Period":8.878719329833984,"swell2Direction":90.0}},{"type":"Feature","geometry":{"type":"Point","coordinates":[124.6,5.8]},"properties":{"model":"MRI3","waveHeight":0.08281774073839188,"wavePeriod":2.0,"peakPeriod":1.0,"waveDirection":null,"windSpeed":0.6574191451072693,"windDirection":296.17529296875,"swellHeight":0.08281774073839188,"windSeaHeight":0.0,"seaLevelPressure":1012.0,"windSeaHeight_w":0.0,"windSeaPeriod_w":2.0,"windSeaDir_w":null,"swell1Height":0.055277448147535324,"swell1Period":6.020718574523926,"swell1Direction":290.0,"swell2Height":0.0378292053937912,"swell2Period":5.799007892608643,"swell2Direction":110.0}},{"type":"Feature","geometry":{"type":"Point","coordinates":[126.2,5.8]},"properties":{"model":"MRI3","waveHeight":1.5041069984436035,"wavePeriod":9.038337707519531,"peakPeriod":10.024370193481445,"waveDirection":50.0,"windSpeed":6.554670333862305,"windDirection":9.749740600585938,"swellHeight":1.3782509565353394,"windSeaHeight":0.6022972464561462,"seaLevelPressure":1011.9000244140625,"windSeaHeight_w":0.6022972464561462,"windSeaPeriod_w":4.870269298553467,"windSeaDir_w":20.0,"swell1Height":1.2624704837799072,"swell1Period":10.0298490524292,"swell1Direction":50.0,"swell2Height":0.5122930407524109,"swell2Period":9.441469192504883,"swell2Direction":60.0}},{"type":"Feature","geometry":{"type":"Point","coordinates":[127.0,5.8]},"properties":{"model":"MRI3","waveHeight":1.7482494115829468,"wavePeriod":9.060264587402344,"peakPeriod":10.024370193481445,"waveDirection":40.0,"windSpeed":7.387800216674805,"windDirection":20.937286376953125,"swellHeight":1.5338826179504395,"windSeaHeight":0.838796854019165,"seaLevelPressure":1011.6000366210938,"windSeaHeight_w":0.838796854019165,"windSeaPeriod_w":5.549455642700195,"windSeaDir_w":20.0,"swell1Height":1.4265414476394653,"swell1Period":10.296225547790527,"swell1Direction":40.0,"swell2Height":0.5185527801513672,"swell2Period":9.574620246887207,"swell2Direction":60.0}},{"type":"Feature","geometry":{"type":"Point","coordinates":[127.8,5.8]},"properties":{"model":"MRI3","waveHeight":1.7682663202285767,"wavePeriod":9.086517333984375,"peakPeriod":10.024370193481445,"waveDirection":40.0,"windSpeed":7.477573394775391,"windDirection":26.188125610351562,"swellHeight":1.5541857481002808,"windSeaHeight":0.8433698415756226,"seaLevelPressure":1011.4000244140625,"windSeaHeight_w":0.8433698415756226,"windSeaPeriod_w":5.647337913513184,"windSeaDir_w":30.0,"swell1Height":1.318586826324463,"swell1Period":10.305461883544922,"swell1Direction":40.0,"swell2Height":0.718146800994873,"swell2Period":10.193530082702637,"swell2Direction":50.0}},{"type":"Feature","geometry":{"type":"Point","coordinates":[128.6,5.8]},"properties":{"model":"MRI3","waveHeight":1.8012430667877197,"wavePeriod":9.028928756713867,"peakPeriod":10.024370193481445,"waveDirection":40.0,"windSpeed":7.603453159332275,"windDirection":27.4075927734375,"swellHeight":1.558928370475769,"windSeaHeight":0.902340829372406,"seaLevelPressure":1011.2000122070312,"windSeaHeight_w":0.902340829372406,"windSeaPeriod_w":5.808879852294922,"windSeaDir_w":30.0,"swell1Height":1.33208167552948,"swell1Period":10.27692985534668,"swell1Direction":30.0,"swell2Height":0.7156118750572205,"swell2Period":10.117379188537598,"swell2Direction":50.0}},{"type":"Feature","geometry":{"type":"Point","coordinates":[129.4,5.8]},"properties":{"model":"MRI3","waveHeight":1.8461378812789917,"wavePeriod":8.944625854492188,"peakPeriod":10.024370193481445,"waveDirection":40.0,"windSpeed":8.051756858825684,"windDirection":32.110992431640625,"swellHeight":1.5569486618041992,"windSeaHeight":0.9920362830162048,"seaLevelPressure":1010.9000244140625,"windSeaHeight_w":0.9920362830162048,"windSeaPeriod_w":6.00415563583374,"windSeaDir_w":30.0,"swell1Height":1.506366491317749,"swell1Period":10.274761199951172,"swell1Direction":40.0,"swell2Height":0.34999969601631165,"swell2Period":8.823600769042969,"swell2Direction":350.0}},{"type":"Feature","geometry":{"type":"Point","coordinates":[130.2,5.8]},"properties":{"model":"MRI3","waveHeight":1.8942898511886597,"wavePeriod":8.834114074707031,"peakPeriod":10.024370193481445,"waveDirection":40.0,"windSpeed":8.22519302368164,"windDirection":31.274368286132812,"swellHeight":1.5234942436218262,"windSeaHeight":1.1257437467575073,"seaLevelPressure":1010.7000122070312,"windSeaHeight_w":1.1257437467575073,"windSeaPeriod_w":6.2787275314331055,"windSeaDir_w":30.0,"swell1Height":1.512511134147644,"swell1Period":10.296780586242676,"swell1Direction":40.0,"swell2Height":0.15595345199108124,"swell2Period":5.4307990074157715,"swell2Direction":100.0}},{"type":"Feature","geometry":{"type":"Point","coordinates":[131.0,5.8]},"properties":{"model":"MRI3","waveHeight":1.876882553100586,"wavePeriod":8.862122535705566,"peakPeriod":10.024370193481445,"waveDirection":30.0,"windSpeed":7.820805549621582,"windDirection":30.335556030273438,"swellHeight":1.601516604423523,"windSeaHeight":0.9786891937255859,"seaLevelPressure":1010.5,"windSeaHeight_w":0.9786891937255859,"windSeaPeriod_w":5.90162992477417,"windSeaDir_w":30.0,"swell1Height":1.5913095474243164,"swell1Period":10.022992134094238,"swell1Direction":30.0,"swell2Height":0.15448546409606934,"swell2Period":5.463658332824707,"swell2Direction":100.0}},{"type":"Feature","geometry":{"type":"Point","coordinates":[131.8,5.8]},"properties":{"model":"MRI3","waveHeight":1.8870494365692139,"wavePeriod":8.776771545410156,"peakPeriod":10.024370193481445,"waveDirection":30.0,"windSpeed":7.809237957000732,"windDirection":32.44868469238281,"swellHeight":1.5968620777130127,"windSeaHeight":1.0054783821105957,"seaLevelPressure":1010.2000122070312,"windSeaHeight_w":1.0054783821105957,"windSeaPeriod_w":5.929106712341309,"windSeaDir_w":30.0,"swell1Height":1.5859229564666748,"swell1Period":9.964669227600098,"swell1Direction":30.0,"swell2Height":0.158366397023201,"swell2Period":5.455253601074219,"swell2Direction":100.0}},{"type":"Feature","geometry":{"type":"Point","coordinates":[132.6,5.8]},"properties":{"model":"MRI3","waveHeight":1.8556835651397705,"wavePeriod":8.66230297088623,"peakPeriod":10.024370193481445,"waveDirection":30.0,"windSpeed":7.694757461547852,"windDirection":36.06568908691406,"swellHeight":1.570784568786621,"windSeaHeight":0.9880271553993225,"seaLevelPressure":1009.9000244140625,"windSeaHeight_w":0.9880271553993225,"windSeaPeriod_w":5.856930255889893,"windSeaDir_w":40.0,"swell1Height":1.5589723587036133,"swell1Period":9.834112167358398,"swell1Direction":30.0,"swell2Height":0.15274415910243988,"swell2Period":5.647416591644287,"swell2Direction":100.0}},{"type":"Feature","geometry":{"type":"Point","coordinates":[133.4,5.8]},"properties":{"model":"MRI3","waveHeight":1.7587963342666626,"wavePeriod":8.60880184173584,"peakPeriod":9.192388534545898,"waveDirection":30.0,"windSpeed":7.256004333496094,"windDirection":36.933074951171875,"swellHeight":1.5276530981063843,"windSeaHeight":0.8715734481811523,"seaLevelPressure":1009.7999877929688,"windSeaHeight_w":0.8715734481811523,"windSeaPeriod_w":5.590518474578857,"windSeaDir_w":40.0,"swell1Height":1.4802390336990356,"swell1Period":9.713136672973633,"swell1Direction":30.0,"swell2Height":0.3568499982357025,"swell2Period":8.009631156921387,"swell2Direction":340.0}},{"type":"Feature","geometry":{"type":"Point","coordinates":[134.2,5.8]},"properties":{"model":"MRI3","waveHeight":1.7004331350326538,"wavePeriod":8.50147819519043,"peakPeriod":9.192388534545898,"waveDirection":30.0,"windSpeed":7.78204345703125,"windDirection":37.06134033203125,"swellHeight":1.4329297542572021,"windSeaHeight":0.9155244827270508,"seaLevelPressure":1009.6000366210938,"windSeaHeight_w":0.9155244827270508,"windSeaPeriod_w":5.663636684417725,"windSeaDir_w":40.0,"swell1Height":1.3837958574295044,"swell1Period":9.792448043823242,"swell1Direction":30.0,"swell2Height":0.3492148518562317,"swell2Period":8.17707347869873,"swell2Direction":340.0}},{"type":"Feature","geometry":{"type":"Point","coordinates":[115.8,6.6]},"properties":{"model":"MRI3","waveHeight":1.1150164604187012,"wavePeriod":9.086627960205078,"peakPeriod":9.192388534545898,"waveDirection":350.0,"windSpeed":3.120016098022461,"windDirection":52.94646453857422,"swellHeight":1.1150164604187012,"windSeaHeight":0.0,"seaLevelPressure":1013.2999877929688,"windSeaHeight_w":0.0,"windSeaPeriod_w":2.0,"windSeaDir_w":null,"swell1Height":1.1015273332595825,"swell1Period":9.18043327331543,"swell1Direction":350.0,"swell2Height":0.12135259807109833,"swell2Period":5.5596513748168945,"swell2Direction":270.0}},{"type":"Feature","geometry":{"type":"Point","coordinates":[117.39999999999999,6.6]},"properties":{"model":"MRI3","waveHeight":0.18409684300422668,"wavePeriod":2.0,"peakPeriod":1.0,"waveDirection":null,"windSpeed":0.6768308281898499,"windDirection":347.19573974609375,"swellHeight":0.18409684300422668,"windSeaHeight":0.0,"seaLevelPressure":1013.4000244140625,"windSeaHeight_w":0.0,"windSeaPeriod_w":2.0,"windSeaDir_w":null,"swell1Height":0.17763212323188782,"swell1Period":6.492241382598877,"swell1Direction":10.0,"swell2Height":0.04817163571715355,"swell2Period":4.459717273712158,"swell2Direction":350.0}},{"type":"Feature","geometry":{"type":"Point","coordinates":[118.2,6.6]},"properties":{"model":"MRI3","waveHeight":0.3146543502807617,"wavePeriod":5.943408489227295,"peakPeriod":4.596194267272949,"waveDirection":10.0,"windSpeed":3.2486610412597656,"windDirection":15.5335693359375,"swellHeight":0.3146543502807617,"windSeaHeight":0.0,"seaLevelPressure":1013.2000122070312,"windSeaHeight_w":0.0,"windSeaPeriod_w":2.0,"windSeaDir_w":null,"swell1Height":0.29534652829170227,"swell1Period":5.757461071014404,"swell1Direction":20.0,"swell2Height":0.10728693008422852,"swell2Period":7.37607479095459,"swell2Direction":330.0}},{"type":"Feature","geometry":{"type":"Point","coordinates":[119.0,6.6]},"properties":{"model":"MRI3","waveHeight":0.3565737307071686,"wavePeriod":5.717801094055176,"peakPeriod":4.596194267272949,"waveDirection":10.0,"windSpeed":4.189140796661377,"windDirection":13.107391357421875,"swellHeight":0.3299407660961151,"windSeaHeight":0.13521800935268402,"seaLevelPressure":1013.0,"windSeaHeight_w":0.13521800935268402,"windSeaPeriod_w":3.99204683303833,"windSeaDir_w":10.0,"swell1Height":0.30866339802742004,"swell1Period":5.738523483276367,"swell1Direction":20.0,"swell2Height":0.11527637392282486,"swell2Period":7.949761867523193,"swell2Direction":310.0}},{"type":"Feature","geometry":{"type":"Point","coordinates":[119.8,6.6]},"properties":{"model":"MRI3","waveHeight":0.36995387077331543,"wavePeriod":5.562965393066406,"peakPeriod":4.596194267272949,"waveDirection":10.0,"windSpeed":4.891645908355713,"windDirection":16.508529663085938,"swellHeight":0.28176623582839966,"windSeaHeight":0.2397366315126419,"seaLevelPressure":1012.7000122070312,"windSeaHeight_w":0.2397366315126419,"windSeaPeriod_w":4.432705879211426,"windSeaDir_w":20.0,"swell1Height":0.233574777841568,"swell1Period":5.684684753417969,"swell1Direction":30.0,"swell2Height":0.15691035985946655,"swell2Period":7.921872615814209,"swell2Direction":300.0}},{"type":"Feature","geometry":{"type":"Point","coordinates":[120.6,6.6]},"properties":{"model":"MRI3","waveHeight":0.3974597454071045,"wavePeriod":5.339446067810059,"peakPeriod":4.596194267272949,"waveDirection":10.0,"windSpeed":5.00639533996582,"windDirection":14.813461303710938,"swellHeight":0.293354332447052,"windSeaHeight":0.26817435026168823,"seaLevelPressure":1012.5,"windSeaHeight_w":0.26817435026168823,"windSeaPeriod_w":4.39312219619751,"windSeaDir_w":10.0,"swell1Height":0.2588742673397064,"swell1Period":5.62479305267334,"swell1Direction":20.0,"swell2Height":0.137155219912529,"swell2Period":7.921849250793457,"swell2Direction":300.0}},{"type":"Feature","geometry":{"type":"Point","coordinates":[121.39999999999999,6.6]},"properties":{"model":"MRI3","waveHeight":0.3458877205848694,"wavePeriod":5.208050727844238,"peakPeriod":4.214728355407715,"waveDirection":0.0,"windSpeed":4.10396146774292,"windDirection":14.679611206054688,"swellHeight":0.31652358174324036,"windSeaHeight":0.13946732878684998,"seaLevelPressure":1012.2000122070312,"windSeaHeight_w":0.13946732878684998,"windSeaPeriod_w":3.9166336059570312,"windSeaDir_w":10.0,"swell1Height":0.31076779961586,"swell1Period":5.449370384216309,"swell1Direction":0.0,"swell2Height":0.02871212549507618,"swell2Period":10.065893173217773,"swell2Direction":350.0}},{"type":"Feature","geometry":{"type":"Point","coordinates":[123.0,6.6]},"properties":{"model":"MRI3","waveHeight":0.072509765625,"wavePeriod":2.0,"peakPeriod":1.0,"waveDirection":null,"windSpeed":2.2580080032348633,"windDirection":4.826873779296875,"swellHeight":0.072509765625,"windSeaHeight":0.0,"seaLevelPressure":1012.1000366210938,"windSeaHeight_w":0.0,"windSeaPeriod_w":2.0,"windSeaDir_w":null,"swell1Height":0.046691328287124634,"swell1Period":6.606418132781982,"swell1Direction":280.0,"swell2Height":0.03087012842297554,"swell2Period":4.814126968383789,"swell2Direction":70.0}},{"type":"Feature","geometry":{"type":"Point","coordinates":[123.8,6.6]},"properties":{"model":"MRI3","waveHeight":0.06543140858411789,"wavePeriod":2.0,"peakPeriod":1.0,"waveDirection":null,"windSpeed":2.951016664505005,"windDirection":19.601593017578125,"swellHeight":0.06543140858411789,"windSeaHeight":0.0,"seaLevelPressure":1011.9000244140625,"windSeaHeight_w":0.0,"windSeaPeriod_w":2.0,"windSeaDir_w":null,"swell1Height":0.04167948290705681,"swell1Period":6.503566265106201,"swell1Direction":270.0,"swell2Height":0.021819481626152992,"swell2Period":3.8873112201690674,"swell2Direction":10.0}},{"type":"Feature","geometry":{"type":"Point","coordinates":[125.4,6.6]},"properties":{"model":"MRI3","waveHeight":0.12461170554161072,"wavePeriod":2.0,"peakPeriod":1.0,"waveDirection":null,"windSpeed":1.4043147563934326,"windDirection":8.187820434570312,"swellHeight":0.12461170554161072,"windSeaHeight":0.0,"seaLevelPressure":1012.2000122070312,"windSeaHeight_w":0.0,"windSeaPeriod_w":2.0,"windSeaDir_w":null,"swell1Height":0.11892635375261307,"swell1Period":4.546360969543457,"swell1Direction":40.0,"swell2Height":0.03284723311662674,"swell2Period":3.6616051197052,"swell2Direction":10.0}},{"type":"Feature","geometry":{"type":"Point","coordinates":[127.0,6.6]},"properties":{"model":"MRI3","waveHeight":1.7825895547866821,"wavePeriod":9.058295249938965,"peakPeriod":10.024370193481445,"waveDirection":40.0,"windSpeed":7.899221420288086,"windDirection":16.852096557617188,"swellHeight":1.525095820426941,"windSeaHeight":0.9228804707527161,"seaLevelPressure":1011.7999877929688,"windSeaHeight_w":0.9228804707527161,"windSeaPeriod_w":5.853133201599121,"windSeaDir_w":20.0,"swell1Height":1.4147465229034424,"swell1Period":10.39903450012207,"swell1Direction":40.0,"swell2Height":0.5232017636299133,"swell2Period":9.903581619262695,"swell2Direction":60.0}},{"type":"Feature","geometry":{"type":"Point","coordinates":[127.8,6.6]},"properties":{"model":"MRI3","waveHeight":1.859442114830017,"wavePeriod":9.020081520080566,"peakPeriod":10.024370193481445,"waveDirection":40.0,"windSpeed":7.643278121948242,"windDirection":28.610458374023438,"swellHeight":1.6091076135635376,"windSeaHeight":0.931824803352356,"seaLevelPressure":1011.5,"windSeaHeight_w":0.931824803352356,"windSeaPeriod_w":5.827699184417725,"windSeaDir_w":30.0,"swell1Height":1.3475021123886108,"swell1Period":10.291545867919922,"swell1Direction":40.0,"swell2Height":0.7947375774383545,"swell2Period":10.063161849975586,"swell2Direction":50.0}},{"type":"Feature","geometry":{"type":"Point","coordinates":[128.6,6.6]},"properties":{"model":"MRI3","waveHeight":1.915035367012024,"wavePeriod":8.94666576385498,"peakPeriod":10.024370193481445,"waveDirection":40.0,"windSpeed":7.997905731201172,"windDirection":30.0914306640625,"swellHeight":1.620572805404663,"windSeaHeight":1.0203450918197632,"seaLevelPressure":1011.2999877929688,"windSeaHeight_w":1.0203450918197632,"windSeaPeriod_w":6.028397083282471,"windSeaDir_w":30.0,"swell1Height":1.5706287622451782,"swell1Period":10.249770164489746,"swell1Direction":40.0,"swell2Height":0.3259067237377167,"swell2Period":8.964408874511719,"swell2Direction":350.0}},{"type":"Feature","geometry":{"type":"Point","coordinates":[129.4,6.6]},"properties":{"model":"MRI3","waveHeight":1.979088306427002,"wavePeriod":8.868306159973145,"peakPeriod":10.024370193481445,"waveDirection":40.0,"windSpeed":8.293473243713379,"windDirection":34.43736267089844,"swellHeight":1.6050529479980469,"windSeaHeight":1.1578408479690552,"seaLevelPressure":1011.1000366210938,"windSeaHeight_w":1.1578408479690552,"windSeaPeriod_w":6.3536529541015625,"windSeaDir_w":30.0,"swell1Height":1.5506829023361206,"swell1Period":10.331681251525879,"swell1Direction":40.0,"swell2Height":0.3520068824291229,"swell2Period":8.90817928314209,"swell2Direction":350.0}},{"type":"Feature","geometry":{"type":"Point","coordinates":[130.2,6.6]},"properties":{"model":"MRI3","waveHeight":2.02693247795105,"wavePeriod":8.786736488342285,"peakPeriod":10.024370193481445,"waveDirection":40.0,"windSpeed":8.487242698669434,"windDirection":34.19561767578125,"swellHeight":1.6267887353897095,"windSeaHeight":1.2091375589370728,"seaLevelPressure":1010.9000244140625,"windSeaHeight_w":1.2091375589370728,"windSeaPeriod_w":6.365228176116943,"windSeaDir_w":30.0,"swell1Height":1.6107637882232666,"swell1Period":10.214152336120605,"swell1Direction":40.0,"swell2Height":0.1998320072889328,"swell2Period":5.528270721435547,"swell2Direction":100.0}},{"type":"Feature","geometry":{"type":"Point","coordinates":[131.0,6.6]},"properties":{"model":"MRI3","waveHeight":2.0469865798950195,"wavePeriod":8.761957168579102,"peakPeriod":10.024370193481445,"waveDirection":40.0,"windSpeed":8.407073974609375,"windDirection":33.00959777832031,"swellHeight":1.6369575262069702,"windSeaHeight":1.2290335893630981,"seaLevelPressure":1010.6000366210938,"windSeaHeight_w":1.2290335893630981,"windSeaPeriod_w":6.40366792678833,"windSeaDir_w":30.0,"swell1Height":1.6209672689437866,"swell1Period":10.179007530212402,"swell1Direction":40.0,"swell2Height":0.19701489806175232,"swell2Period":5.5787858963012695,"swell2Direction":100.0}},{"type":"Feature","geometry":{"type":"Point","coordinates":[131.8,6.6]},"properties":{"model":"MRI3","waveHeight":2.0694050788879395,"wavePeriod":8.669514656066895,"peakPeriod":10.024370193481445,"waveDirection":40.0,"windSpeed":8.697751998901367,"windDirection":33.89105224609375,"swellHeight":1.5861775875091553,"windSeaHeight":1.3290891647338867,"seaLevelPressure":1010.2999877929688,"windSeaHeight_w":1.3290891647338867,"windSeaPeriod_w":6.569743633270264,"windSeaDir_w":30.0,"swell1Height":1.568282127380371,"swell1Period":10.24724292755127,"swell1Direction":40.0,"swell2Height":0.20239807665348053,"swell2Period":5.488576412200928,"swell2Direction":100.0}},{"type":"Feature","geometry":{"type":"Point","coordinates":[132.6,6.6]},"properties":{"model":"MRI3","waveHeight":2.019615650177002,"wavePeriod":8.576210975646973,"peakPeriod":10.024370193481445,"waveDirection":30.0,"windSpeed":8.826380729675293,"windDirection":36.33760070800781,"swellHeight":1.5281728506088257,"windSeaHeight":1.320429801940918,"seaLevelPressure":1010.0,"windSeaHeight_w":1.320429801940918,"windSeaPeriod_w":6.5437703132629395,"windSeaDir_w":40.0,"swell1Height":1.5125133991241455,"swell1Period":10.182845115661621,"swell1Direction":30.0,"swell2Height":0.1709131896495819,"swell2Period":5.775763034820557,"swell2Direction":100.0}},{"type":"Feature","geometry":{"type":"Point","coordinates":[133.4,6.6]},"properties":{"model":"MRI3","waveHeight":1.8945348262786865,"wavePeriod":8.5338716506958,"peakPeriod":9.192388534545898,"waveDirection":30.0,"windSpeed":8.202438354492188,"windDirection":38.26707458496094,"swellHeight":1.5323693752288818,"windSeaHeight":1.1140495538711548,"seaLevelPressure":1009.7999877929688,"windSeaHeight_w":1.1140495538711548,"windSeaPeriod_w":6.032947063446045,"windSeaDir_w":40.0,"swell1Height":1.4777297973632812,"swell1Period":10.028958320617676,"swell1Direction":30.0,"swell2Height":0.35534366965293884,"swell2Period":8.14442253112793,"swell2Direction":340.0}},{"type":"Feature","geometry":{"type":"Point","coordinates":[134.2,6.6]},"properties":{"model":"MRI3","waveHeight":1.7382477521896362,"wavePeriod":8.561613082885742,"peakPeriod":9.192388534545898,"waveDirection":30.0,"windSpeed":7.23394775390625,"windDirection":42.422882080078125,"swellHeight":1.521552324295044,"windSeaHeight":0.8404663801193237,"seaLevelPressure":1009.7999877929688,"windSeaHeight_w":0.8404663801193237,"windSeaPeriod_w":5.418600082397461,"windSeaDir_w":40.0,"swell1Height":1.5158814191818237,"swell1Period":9.553346633911133,"swell1Direction":30.0,"swell2Height":0.10535689443349838,"swell2Period":4.948455333709717,"swell2Direction":110.0}},{"type":"Feature","geometry":{"type":"Point","coordinates":[115.8,7.4]},"properties":{"model":"MRI3","waveHeight":1.31959867477417,"wavePeriod":9.111921310424805,"peakPeriod":9.192388534545898,"waveDirection":0.0,"windSpeed":3.954794406890869,"windDirection":48.89585876464844,"swellHeight":1.3143552541732788,"windSeaHeight":0.11752006411552429,"seaLevelPressure":1013.4000244140625,"windSeaHeight_w":0.11752006411552429,"windSeaPeriod_w":3.8324241638183594,"windSeaDir_w":50.0,"swell1Height":1.2935084104537964,"swell1Period":9.275802612304688,"swell1Direction":350.0,"swell2Height":0.17317435145378113,"swell2Period":5.0945210456848145,"swell2Direction":50.0}},{"type":"Feature","geometry":{"type":"Point","coordinates":[116.6,7.4]},"properties":{"model":"MRI3","waveHeight":1.1417672634124756,"wavePeriod":9.189048767089844,"peakPeriod":9.192388534545898,"waveDirection":350.0,"windSpeed":3.134995937347412,"windDirection":63.680152893066406,"swellHeight":1.1417672634124756,"windSeaHeight":0.0,"seaLevelPressure":1013.4000244140625,"windSeaHeight_w":0.0,"windSeaPeriod_w":2.0,"windSeaDir_w":null,"swell1Height":1.1235874891281128,"swell1Period":9.312041282653809,"swell1Direction":350.0,"swell2Height":0.13728024065494537,"swell2Period":5.964615821838379,"swell2Direction":270.0}},{"type":"Feature","geometry":{"type":"Point","coordinates":[117.39999999999999,7.4]},"properties":{"model":"MRI3","waveHeight":0.44030430912971497,"wavePeriod":7.241940498352051,"peakPeriod":8.42945671081543,"waveDirection":330.0,"windSpeed":3.0012831687927246,"windDirection":40.269989013671875,"swellHeight":0.44030430912971497,"windSeaHeight":0.0,"seaLevelPressure":1013.2999877929688,"windSeaHeight_w":0.0,"windSeaPeriod_w":2.0,"windSeaDir_w":null,"swell1Height":0.3797608017921448,"swell1Period":8.082664489746094,"swell1Direction":320.0,"swell2Height":0.21243195235729218,"swell2Period":4.841593265533447,"swell2Direction":60.0}},{"type":"Feature","geometry":{"type":"Point","coordinates":[118.2,7.4]},"properties":{"model":"MRI3","waveHeight":0.43844494223594666,"wavePeriod":5.678437232971191,"peakPeriod":3.8649232387542725,"waveDirection":0.0,"windSpeed":4.626532077789307,"windDirection":33.00311279296875,"swellHeight":0.36306366324424744,"windSeaHeight":0.24580220878124237,"seaLevelPressure":1013.2000122070312,"windSeaHeight_w":0.24580220878124237,"windSeaPeriod_w":4.1767144203186035,"windSeaDir_w":30.0,"swell1Height":0.30833718180656433,"swell1Period":5.9208149909973145,"swell1Direction":10.0,"swell2Height":0.19050051271915436,"swell2Period":7.547576427459717,"swell2Direction":300.0}},{"type":"Feature","geometry":{"type":"Point","coordinates":[119.0,7.4]},"properties":{"model":"MRI3","waveHeight":0.45492318272590637,"wavePeriod":5.200481414794922,"peakPeriod":3.8649232387542725,"waveDirection":20.0,"windSpeed":4.577390193939209,"windDirection":21.801422119140625,"swellHeight":0.37005797028541565,"windSeaHeight":0.26459819078445435,"seaLevelPressure":1012.9000244140625,"windSeaHeight_w":0.26459819078445435,"windSeaPeriod_w":4.173752784729004,"windSeaDir_w":20.0,"swell1Height":0.34477895498275757,"swell1Period":5.570409297943115,"swell1Direction":20.0,"swell2Height":0.13259108364582062,"swell2Period":6.755405426025391,"swell2Direction":280.0}},{"type":"Feature","geometry":{"type":"Point","coordinates":[119.8,7.4]},"properties":{"model":"MRI3","waveHeight":0.44693124294281006,"wavePeriod":5.158352851867676,"peakPeriod":4.596194267272949,"waveDirection":20.0,"windSpeed":4.690042495727539,"windDirection":24.433853149414062,"swellHeight":0.3605210781097412,"windSeaHeight":0.26414409279823303,"seaLevelPressure":1012.7999877929688,"windSeaHeight_w":0.26414409279823303,"windSeaPeriod_w":4.194746971130371,"windSeaDir_w":20.0,"swell1Height":0.33662259578704834,"swell1Period":5.519127368927002,"swell1Direction":30.0,"swell2Height":0.12766727805137634,"swell2Period":6.742711544036865,"swell2Direction":280.0}},{"type":"Feature","geometry":{"type":"Point","coordinates":[120.6,7.4]},"properties":{"model":"MRI3","waveHeight":0.4173206090927124,"wavePeriod":5.308323860168457,"peakPeriod":4.596194267272949,"waveDirection":20.0,"windSpeed":4.933933258056641,"windDirection":25.318572998046875,"swellHeight":0.3201906979084015,"windSeaHeight":0.26764607429504395,"seaLevelPressure":1012.6000366210938,"windSeaHeight_w":0.26764607429504395,"windSeaPeriod_w":4.41387414932251,"windSeaDir_w":30.0,"swell1Height":0.2997262179851532,"swell1Period":5.798058032989502,"swell1Direction":10.0,"swell2Height":0.11136547476053238,"swell2Period":6.905044078826904,"swell2Direction":300.0}},{"type":"Feature","geometry":{"type":"Point","coordinates":[121.39999999999999,7.4]},"properties":{"model":"MRI3","waveHeight":0.4701956808567047,"wavePeriod":5.046332359313965,"peakPeriod":3.8649232387542725,"waveDirection":20.0,"windSpeed":5.350037574768066,"windDirection":27.858306884765625,"swellHeight":0.27636927366256714,"windSeaHeight":0.38039979338645935,"seaLevelPressure":1012.4000244140625,"windSeaHeight_w":0.38039979338645935,"windSeaPeriod_w":4.367736339569092,"windSeaDir_w":30.0,"swell1Height":0.26696643233299255,"swell1Period":6.325065612792969,"swell1Direction":350.0,"swell2Height":0.051490526646375656,"swell2Period":8.467345237731934,"swell2Direction":340.0}},{"type":"Feature","geometry":{"type":"Point","coordinates":[123.0,7.4]},"properties":{"model":"MRI3","waveHeight":0.017960388213396072,"wavePeriod":2.0,"peakPeriod":1.0,"waveDirection":null,"windSpeed":1.2398790121078491,"windDirection":41.403289794921875,"swellHeight":0.017960388213396072,"windSeaHeight":0.0,"seaLevelPressure":1012.1000366210938,"windSeaHeight_w":0.0,"windSeaPeriod_w":2.0,"windSeaDir_w":null,"swell1Height":0.011216147802770138,"swell1Period":5.200189113616943,"swell1Direction":210.0,"swell2Height":0.004113704897463322,"swell2Period":2.0,"swell2Direction":null}},{"type":"Feature","geometry":{"type":"Point","coordinates":[123.8,7.4]},"properties":{"model":"MRI3","waveHeight":0.043970685452222824,"wavePeriod":2.0,"peakPeriod":1.0,"waveDirection":null,"windSpeed":2.4550559520721436,"windDirection":51.44953918457031,"swellHeight":0.043970685452222824,"windSeaHeight":0.0,"seaLevelPressure":1012.1000366210938,"windSeaHeight_w":0.0,"windSeaPeriod_w":2.0,"windSeaDir_w":null,"swell1Height":0.016360128298401833,"swell1Period":3.8879828453063965,"swell1Direction":70.0,"swell2Height":0.011496102437376976,"swell2Period":3.695606231689453,"swell2Direction":60.0}},{"type":"Feature","geometry":{"type":"Point","coordinates":[127.0,7.4]},"properties":{"model":"MRI3","waveHeight":1.7707170248031616,"wavePeriod":9.250341415405273,"peakPeriod":10.024370193481445,"waveDirection":40.0,"windSpeed":6.310506820678711,"windDirection":12.538665771484375,"swellHeight":1.6713967323303223,"windSeaHeight":0.5846980810165405,"seaLevelPressure":1012.2000122070312,"windSeaHeight_w":0.5846980810165405,"windSeaPeriod_w":4.903862476348877,"windSeaDir_w":20.0,"swell1Height":1.5505696535110474,"swell1Period":9.900949478149414,"swell1Direction":40.0,"swell2Height":0.5991088151931763,"swell2Period":9.367472648620605,"swell2Direction":60.0}},{"type":"Feature","geometry":{"type":"Point","coordinates":[127.8,7.4]},"properties":{"model":"MRI3","waveHeight":1.9565246105194092,"wavePeriod":8.94766902923584,"peakPeriod":10.024370193481445,"waveDirection":40.0,"windSpeed":8.259781837463379,"windDirection":31.5347900390625,"swellHeight":1.6019155979156494,"windSeaHeight":1.1233230829238892,"seaLevelPressure":1011.7000122070312,"windSeaHeight_w":1.1233230829238892,"windSeaPeriod_w":6.313491344451904,"windSeaDir_w":30.0,"swell1Height":1.5926730632781982,"swell1Period":10.299643516540527,"swell1Direction":50.0,"swell2Height":0.118353471159935,"swell2Period":5.175050735473633,"swell2Direction":110.0}},{"type":"Feature","geometry":{"type":"Point","coordinates":[128.6,7.4]},"properties":{"model":"MRI3","waveHeight":2.0348916053771973,"wavePeriod":8.844771385192871,"peakPeriod":10.024370193481445,"waveDirection":40.0,"windSpeed":8.7647705078125,"windDirection":34.30653381347656,"swellHeight":1.6060352325439453,"windSeaHeight":1.249573826789856,"seaLevelPressure":1011.5,"windSeaHeight_w":1.249573826789856,"windSeaPeriod_w":6.52797794342041,"windSeaDir_w":30.0,"swell1Height":1.564595103263855,"swell1Period":10.356184959411621,"swell1Direction":50.0,"swell2Height":0.3115074336528778,"swell2Period":9.130912780761719,"swell2Direction":350.0}},{"type":"Feature","geometry":{"type":"Point","coordinates":[129.4,7.4]},"properties":{"model":"MRI3","waveHeight":2.1300628185272217,"wavePeriod":8.730744361877441,"peakPeriod":10.024370193481445,"waveDirection":40.0,"windSpeed":9.11385726928711,"windDirection":35.71307373046875,"swellHeight":1.5591226816177368,"windSeaHeight":1.4513113498687744,"seaLevelPressure":1011.2999877929688,"windSeaHeight_w":1.4513113498687744,"windSeaPeriod_w":6.879361152648926,"windSeaDir_w":40.0,"swell1Height":1.5013391971588135,"swell1Period":10.518086433410645,"swell1Direction":40.0,"swell2Height":0.37804198265075684,"swell2Period":8.618257522583008,"swell2Direction":350.0}},{"type":"Feature","geometry":{"type":"Point","coordinates":[130.2,7.4]},"properties":{"model":"MRI3","waveHeight":2.184168577194214,"wavePeriod":8.68205738067627,"peakPeriod":10.024370193481445,"waveDirection":40.0,"windSpeed":9.272157669067383,"windDirection":36.53620910644531,"swellHeight":1.5872161388397217,"windSeaHeight":1.50044584274292,"seaLevelPressure":1011.1000366210938,"windSeaHeight_w":1.50044584274292,"windSeaPeriod_w":6.87399959564209,"windSeaDir_w":40.0,"swell1Height":1.5750271081924438,"swell1Period":10.373970985412598,"swell1Direction":40.0,"swell2Height":0.1603173166513443,"swell2Period":5.145360946655273,"swell2Direction":110.0}},{"type":"Feature","geometry":{"type":"Point","coordinates":[131.0,7.4]},"properties":{"model":"MRI3","waveHeight":2.2144036293029785,"wavePeriod":8.702493667602539,"peakPeriod":10.024370193481445,"waveDirection":40.0,"windSpeed":9.168298721313477,"windDirection":37.33235168457031,"swellHeight":1.6140244007110596,"windSeaHeight":1.5160831212997437,"seaLevelPressure":1010.9000244140625,"windSeaHeight_w":1.5160831212997437,"windSeaPeriod_w":6.92430305480957,"windSeaDir_w":40.0,"swell1Height":1.6010017395019531,"swell1Period":10.349072456359863,"swell1Direction":40.0,"swell2Height":0.16161972284317017,"swell2Period":5.148466110229492,"swell2Direction":110.0}},{"type":"Feature","geometry":{"type":"Point","coordinates":[131.8,7.4]},"properties":{"model":"MRI3","waveHeight":2.281684398651123,"wavePeriod":8.6011962890625,"peakPeriod":10.024370193481445,"waveDirection":40.0,"windSpeed":9.34898853302002,"windDirection":36.03639221191406,"swellHeight":1.6139897108078003,"windSeaHeight":1.6127991676330566,"seaLevelPressure":1010.5,"windSeaHeight_w":1.6127991676330566,"windSeaPeriod_w":6.937577247619629,"windSeaDir_w":40.0,"swell1Height":1.588653564453125,"swell1Period":10.407238960266113,"swell1Direction":30.0,"swell2Height":0.24860574305057526,"swell2Period":5.660545825958252,"swell2Direction":110.0}},{"type":"Feature","geometry":{"type":"Point","coordinates":[132.6,7.4]},"properties":{"model":"MRI3","waveHeight":2.215646266937256,"wavePeriod":8.57919692993164,"peakPeriod":10.024370193481445,"waveDirection":40.0,"windSpeed":9.278114318847656,"windDirection":36.585845947265625,"swellHeight":1.596791386604309,"windSeaHeight":1.5360163450241089,"seaLevelPressure":1010.2000122070312,"windSeaHeight_w":1.5360163450241089,"windSeaPeriod_w":6.819963455200195,"windSeaDir_w":40.0,"swell1Height":1.5752418041229248,"swell1Period":10.330124855041504,"swell1Direction":30.0,"swell2Height":0.21874448657035828,"swell2Period":5.576983451843262,"swell2Direction":110.0}},{"type":"Feature","geometry":{"type":"Point","coordinates":[133.4,7.4]},"properties":{"model":"MRI3","waveHeight":2.0900986194610596,"wavePeriod":8.569700241088867,"peakPeriod":10.024370193481445,"waveDirection":30.0,"windSpeed":8.874017715454102,"windDirection":36.753692626953125,"swellHeight":1.5822842121124268,"windSeaHeight":1.3656092882156372,"seaLevelPressure":1010.0,"windSeaHeight_w":1.3656092882156372,"windSeaPeriod_w":6.572326183319092,"windSeaDir_w":40.0,"swell1Height":1.5688366889953613,"swell1Period":10.133613586425781,"swell1Direction":30.0,"swell2Height":0.17829857766628265,"swell2Period":5.509741306304932,"swell2Direction":110.0}},{"type":"Feature","geometry":{"type":"Point","coordinates":[134.2,7.4]},"properties":{"model":"MRI3","waveHeight":1.7874352931976318,"wavePeriod":8.494635581970215,"peakPeriod":9.192388534545898,"waveDirection":30.0,"windSpeed":8.014917373657227,"windDirection":43.3316650390625,"swellHeight":1.4805972576141357,"windSeaHeight":1.0013773441314697,"seaLevelPressure":1009.9000244140625,"windSeaHeight_w":1.0013773441314697,"windSeaPeriod_w":5.899569511413574,"windSeaDir_w":40.0,"swell1Height":1.4224439859390259,"swell1Period":9.862602233886719,"swell1Direction":30.0,"swell2Height":0.3684369623661041,"swell2Period":8.015036582946777,"swell2Direction":340.0}},{"type":"Feature","geometry":{"type":"Point","coordinates":[115.8,8.2]},"properties":{"model":"MRI3","waveHeight":1.4588290452957153,"wavePeriod":8.956755638122559,"peakPeriod":9.192388534545898,"waveDirection":0.0,"windSpeed":5.190616607666016,"windDirection":39.76318359375,"swellHeight":1.4120663404464722,"windSeaHeight":0.366402804851532,"seaLevelPressure":1013.4000244140625,"windSeaHeight_w":0.366402804851532,"windSeaPeriod_w":4.43660831451416,"windSeaDir_w":40.0,"swell1Height":1.3950021266937256,"swell1Period":9.35452651977539,"swell1Direction":0.0,"swell2Height":0.12387339025735855,"swell2Period":5.266133785247803,"swell2Direction":60.0}},{"type":"Feature","geometry":{"type":"Point","coordinates":[116.6,8.2]},"properties":{"model":"MRI3","waveHeight":1.2982325553894043,"wavePeriod":9.16344165802002,"peakPeriod":9.192388534545898,"waveDirection":350.0,"windSpeed":3.6062445640563965,"windDirection":45.0,"swellHeight":1.2971808910369873,"windSeaHeight":0.052245136350393295,"seaLevelPressure":1013.4000244140625,"windSeaHeight_w":0.052245136350393295,"windSeaPeriod_w":3.6641063690185547,"windSeaDir_w":50.0,"swell1Height":1.277899980545044,"swell1Period":9.287138938903809,"swell1Direction":350.0,"swell2Height":0.1392853856086731,"swell2Period":6.031033992767334,"swell2Direction":270.0}},{"type":"Feature","geometry":{"type":"Point","coordinates":[117.39999999999999,8.2]},"properties":{"model":"MRI3","waveHeight":0.37947145104408264,"wavePeriod":7.320132255554199,"peakPeriod":8.42945671081543,"waveDirection":320.0,"windSpeed":2.7542874813079834,"windDirection":32.997711181640625,"swellHeight":0.37947145104408264,"windSeaHeight":0.0,"seaLevelPressure":1013.4000244140625,"windSeaHeight_w":0.0,"windSeaPeriod_w":2.0,"windSeaDir_w":null,"swell1Height":0.3251541554927826,"swell1Period":8.253320693969727,"swell1Direction":310.0,"swell2Height":0.1877448409795761,"swell2Period":4.772809028625488,"swell2Direction":70.0}},{"type":"Feature","geometry":{"type":"Point","coordinates":[118.2,8.2]},"properties":{"model":"MRI3","waveHeight":0.48939263820648193,"wavePeriod":4.795368194580078,"peakPeriod":3.8649232387542725,"waveDirection":40.0,"windSpeed":5.65236234664917,"windDirection":36.22114562988281,"swellHeight":0.2348586767911911,"windSeaHeight":0.4293559789657593,"seaLevelPressure":1013.2000122070312,"windSeaHeight_w":0.4293559789657593,"windSeaPeriod_w":4.453908920288086,"windSeaDir_w":40.0,"swell1Height":0.1654173731803894,"swell1Period":5.098632335662842,"swell1Direction":70.0,"swell2Height":0.13565659523010254,"swell2Period":6.922590255737305,"swell2Direction":290.0}},{"type":"Feature","geometry":{"type":"Point","coordinates":[119.0,8.2]},"properties":{"model":"MRI3","waveHeight":0.5059600472450256,"wavePeriod":4.766326904296875,"peakPeriod":3.8649232387542725,"waveDirection":30.0,"windSpeed":5.573230266571045,"windDirection":25.507553100585938,"swellHeight":0.25815731287002563,"windSeaHeight":0.4351440668106079,"seaLevelPressure":1013.0,"windSeaHeight_w":0.4351440668106079,"windSeaPeriod_w":4.487708568572998,"windSeaDir_w":30.0,"swell1Height":0.2205049991607666,"swell1Period":5.269481658935547,"swell1Direction":60.0,"swell2Height":0.11727578938007355,"swell2Period":6.928248882293701,"swell2Direction":270.0}},{"type":"Feature","geometry":{"type":"Point","coordinates":[119.8,8.2]},"properties":{"model":"MRI3","waveHeight":0.5137466788291931,"wavePeriod":4.83323860168457,"peakPeriod":3.8649232387542725,"waveDirection":30.0,"windSpeed":5.547043800354004,"windDirection":29.2452392578125,"swellHeight":0.2997714877128601,"windSeaHeight":0.41722023487091064,"seaLevelPressure":1012.9000244140625,"windSeaHeight_w":0.41722023487091064,"windSeaPeriod_w":4.437712669372559,"windSeaDir_w":30.0,"swell1Height":0.2816189229488373,"swell1Period":5.566336631774902,"swell1Direction":30.0,"swell2Height":0.08797445893287659,"swell2Period":6.274532794952393,"swell2Direction":260.0}},{"type":"Feature","geometry":{"type":"Point","coordinates":[120.6,8.2]},"properties":{"model":"MRI3","waveHeight":0.5373746156692505,"wavePeriod":4.941157341003418,"peakPeriod":3.8649232387542725,"waveDirection":30.0,"windSpeed":5.178281784057617,"windDirection":37.4674072265625,"swellHeight":0.35998308658599854,"windSeaHeight":0.39897823333740234,"seaLevelPressure":1012.7999877929688,"windSeaHeight_w":0.39897823333740234,"windSeaPeriod_w":4.395074367523193,"windSeaDir_w":40.0,"swell1Height":0.34008342027664185,"swell1Period":5.594342231750488,"swell1Direction":20.0,"swell2Height":0.11267402023077011,"swell2Period":5.848822593688965,"swell2Direction":280.0}},{"type":"Feature","geometry":{"type":"Point","coordinates":[121.39999999999999,8.2]},"properties":{"model":"MRI3","waveHeight":0.5387875437736511,"wavePeriod":5.04136848449707,"peakPeriod":3.8649232387542725,"waveDirection":30.0,"windSpeed":4.845956802368164,"windDirection":46.75596618652344,"swellHeight":0.3992329239845276,"windSeaHeight":0.3618081212043762,"seaLevelPressure":1012.6000366210938,"windSeaHeight_w":0.3618081212043762,"windSeaPeriod_w":4.247885704040527,"windSeaDir_w":50.0,"swell1Height":0.3690650761127472,"swell1Period":5.504011631011963,"swell1Direction":30.0,"swell2Height":0.15115806460380554,"swell2Period":6.819005012512207,"swell2Direction":310.0}},{"type":"Feature","geometry":{"type":"Point","coordinates":[122.2,8.2]},"properties":{"model":"MRI3","waveHeight":0.49930182099342346,"wavePeriod":5.1369476318359375,"peakPeriod":3.8649232387542725,"waveDirection":30.0,"windSpeed":5.740400791168213,"windDirection":54.78721618652344,"swellHeight":0.28800398111343384,"windSeaHeight":0.4078676402568817,"seaLevelPressure":1012.4000244140625,"windSeaHeight_w":0.4078676402568817,"windSeaPeriod_w":4.397625923156738,"windSeaDir_w":50.0,"swell1Height":0.2368299812078476,"swell1Period":7.521631240844727,"swell1Direction":330.0,"swell2Height":0.1435004025697708,"swell2Period":4.843440532684326,"swell2Direction":50.0}},{"type":"Feature","geometry":{"type":"Point","coordinates":[127.0,8.2]},"properties":{"model":"MRI3","waveHeight":1.8545277118682861,"wavePeriod":9.228328704833984,"peakPeriod":10.024370193481445,"waveDirection":50.0,"windSpeed":6.087897777557373,"windDirection":35.43922424316406,"swellHeight":1.7556072473526,"windSeaHeight":0.5975919961929321,"seaLevelPressure":1012.4000244140625,"windSeaHeight_w":0.5975919961929321,"windSeaPeriod_w":4.983129501342773,"windSeaDir_w":40.0,"swell1Height":1.7469594478607178,"swell1Period":9.7578706741333,"swell1Direction":50.0,"swell2Height":0.13290224969387054,"swell2Period":5.506038188934326,"swell2Direction":110.0}},{"type":"Feature","geometry":{"type":"Point","coordinates":[127.8,8.2]},"properties":{"model":"MRI3","waveHeight":2.02927303314209,"wavePeriod":8.9120454788208,"peakPeriod":10.024370193481445,"waveDirection":50.0,"windSpeed":7.774348735809326,"windDirection":38.78642272949219,"swellHeight":1.7454006671905518,"windSeaHeight":1.0351452827453613,"seaLevelPressure":1012.1000366210938,"windSeaHeight_w":1.0351452827453613,"windSeaPeriod_w":5.957579135894775,"windSeaDir_w":40.0,"swell1Height":1.7349053621292114,"swell1Period":10.002673149108887,"swell1Direction":50.0,"swell2Height":0.16267552971839905,"swell2Period":5.363785266876221,"swell2Direction":110.0}},{"type":"Feature","geometry":{"type":"Point","coordinates":[128.6,8.2]},"properties":{"model":"MRI3","waveHeight":2.1075172424316406,"wavePeriod":8.803900718688965,"peakPeriod":10.024370193481445,"waveDirection":40.0,"windSpeed":8.651531219482422,"windDirection":39.55967712402344,"swellHeight":1.6524726152420044,"windSeaHeight":1.3080379962921143,"seaLevelPressure":1011.7999877929688,"windSeaHeight_w":1.3080379962921143,"windSeaPeriod_w":6.610359191894531,"windSeaDir_w":40.0,"swell1Height":1.6012717485427856,"swell1Period":10.337662696838379,"swell1Direction":50.0,"swell2Height":0.35508817434310913,"swell2Period":8.418038368225098,"swell2Direction":350.0}},{"type":"Feature","geometry":{"type":"Point","coordinates":[129.4,8.2]},"properties":{"model":"MRI3","waveHeight":2.186079502105713,"wavePeriod":8.719127655029297,"peakPeriod":10.024370193481445,"waveDirection":40.0,"windSpeed":9.019678115844727,"windDirection":37.97528076171875,"swellHeight":1.604015588760376,"windSeaHeight":1.4852869510650635,"seaLevelPressure":1011.7000122070312,"windSeaHeight_w":1.4852869510650635,"windSeaPeriod_w":6.92466926574707,"windSeaDir_w":40.0,"swell1Height":1.5428881645202637,"swell1Period":10.45876407623291,"swell1Direction":50.0,"swell2Height":0.3772635757923126,"swell2Period":8.576383590698242,"swell2Direction":350.0}},{"type":"Feature","geometry":{"type":"Point","coordinates":[130.2,8.2]},"properties":{"model":"MRI3","waveHeight":2.2589633464813232,"wavePeriod":8.701489448547363,"peakPeriod":10.024370193481445,"waveDirection":40.0,"windSpeed":9.317408561706543,"windDirection":38.41972351074219,"swellHeight":1.6532033681869507,"windSeaHeight":1.539426565170288,"seaLevelPressure":1011.4000244140625,"windSeaHeight_w":1.539426565170288,"windSeaPeriod_w":6.9497456550598145,"windSeaDir_w":40.0,"swell1Height":1.6360975503921509,"swell1Period":10.320610046386719,"swell1Direction":40.0,"swell2Height":0.19736644625663757,"swell2Period":5.272108554840088,"swell2Direction":110.0}},{"type":"Feature","geometry":{"type":"Point","coordinates":[131.0,8.2]},"properties":{"model":"MRI3","waveHeight":2.3964364528656006,"wavePeriod":8.6033353805542,"peakPeriod":10.024370193481445,"waveDirection":40.0,"windSpeed":10.089677810668945,"windDirection":37.91484069824219,"swellHeight":1.4892653226852417,"windSeaHeight":1.8774971961975098,"seaLevelPressure":1011.1000366210938,"windSeaHeight_w":1.8774971961975098,"windSeaPeriod_w":7.463597774505615,"windSeaDir_w":40.0,"swell1Height":1.4688118696212769,"swell1Period":10.549668312072754,"swell1Direction":40.0,"swell2Height":0.2003461867570877,"swell2Period":5.286129474639893,"swell2Direction":110.0}},{"type":"Feature","geometry":{"type":"Point","coordinates":[131.8,8.2]},"properties":{"model":"MRI3","waveHeight":2.491635799407959,"wavePeriod":8.512598991394043,"peakPeriod":10.024370193481445,"waveDirection":40.0,"windSpeed":10.399624824523926,"windDirection":38.75447082519531,"swellHeight":1.411820888519287,"windSeaHeight":2.053049087524414,"seaLevelPressure":1010.7999877929688,"windSeaHeight_w":2.053049087524414,"windSeaPeriod_w":7.60714864730835,"windSeaDir_w":40.0,"swell1Height":1.3762075901031494,"swell1Period":10.664620399475098,"swell1Direction":40.0,"swell2Height":0.2719227373600006,"swell2Period":5.779536247253418,"swell2Direction":110.0}},{"type":"Feature","geometry":{"type":"Point","coordinates":[132.6,8.2]},"properties":{"model":"MRI3","waveHeight":2.46272873878479,"wavePeriod":8.526784896850586,"peakPeriod":10.024370193481445,"waveDirection":40.0,"windSpeed":9.94072437286377,"windDirection":37.56156921386719,"swellHeight":1.5210881233215332,"windSeaHeight":1.936833381652832,"seaLevelPressure":1010.6000366210938,"windSeaHeight_w":1.936833381652832,"windSeaPeriod_w":7.381170272827148,"windSeaDir_w":40.0,"swell1Height":1.4932887554168701,"swell1Period":10.554022789001465,"swell1Direction":30.0,"swell2Height":0.23956412076950073,"swell2Period":5.676956653594971,"swell2Direction":110.0}},{"type":"Feature","geometry":{"type":"Point","coordinates":[133.4,8.2]},"properties":{"model":"MRI3","waveHeight":2.393573045730591,"wavePeriod":8.501030921936035,"peakPeriod":10.024370193481445,"waveDirection":40.0,"windSpeed":10.364462852478027,"windDirection":36.32814025878906,"swellHeight":1.378576397895813,"windSeaHeight":1.9567111730575562,"seaLevelPressure":1010.2000122070312,"windSeaHeight_w":1.9567111730575562,"windSeaPeriod_w":7.547818660736084,"windSeaDir_w":40.0,"swell1Height":1.3587908744812012,"swell1Period":10.558490753173828,"swell1Direction":30.0,"swell2Height":0.2055337131023407,"swell2Period":5.574519157409668,"swell2Direction":110.0}},{"type":"Feature","geometry":{"type":"Point","coordinates":[134.2,8.2]},"properties":{"model":"MRI3","waveHeight":2.2868096828460693,"wavePeriod":8.424500465393066,"peakPeriod":9.192388534545898,"waveDirection":30.0,"windSpeed":10.236766815185547,"windDirection":35.537689208984375,"swellHeight":1.3387010097503662,"windSeaHeight":1.854016661643982,"seaLevelPressure":1009.9000244140625,"windSeaHeight_w":1.854016661643982,"windSeaPeriod_w":7.413242816925049,"windSeaDir_w":40.0,"swell1Height":1.3242665529251099,"swell1Period":10.466788291931152,"swell1Direction":20.0,"swell2Height":0.16928936541080475,"swell2Period":5.468021392822266,"swell2Direction":110.0}},{"type":"Feature","geometry":{"type":"Point","coordinates":[115.8,9.0]},"properties":{"model":"MRI3","waveHeight":1.612021803855896,"wavePeriod":8.987227439880371,"peakPeriod":9.192388534545898,"waveDirection":0.0,"windSpeed":5.828970432281494,"windDirection":41.73150634765625,"swellHeight":1.5308542251586914,"windSeaHeight":0.5050738453865051,"seaLevelPressure":1013.6000366210938,"windSeaHeight_w":0.5050738453865051,"windSeaPeriod_w":4.725367546081543,"windSeaDir_w":40.0,"swell1Height":1.517182469367981,"swell1Period":9.519548416137695,"swell1Direction":0.0,"swell2Height":0.14213567972183228,"swell2Period":5.963304042816162,"swell2Direction":270.0}},{"type":"Feature","geometry":{"type":"Point","coordinates":[116.6,9.0]},"properties":{"model":"MRI3","waveHeight":1.4769443273544312,"wavePeriod":8.915665626525879,"peakPeriod":9.192388534545898,"waveDirection":0.0,"windSpeed":5.548377990722656,"windDirection":41.27336120605469,"swellHeight":1.4124265909194946,"windSeaHeight":0.4317588806152344,"seaLevelPressure":1013.5,"windSeaHeight_w":0.4317588806152344,"windSeaPeriod_w":4.473089218139648,"windSeaDir_w":40.0,"swell1Height":1.3961410522460938,"swell1Period":9.414518356323242,"swell1Direction":350.0,"swell2Height":0.08598900586366653,"swell2Period":6.418665885925293,"swell2Direction":40.0}},{"type":"Feature","geometry":{"type":"Point","coordinates":[117.39999999999999,9.0]},"properties":{"model":"MRI3","waveHeight":1.1321462392807007,"wavePeriod":8.974998474121094,"peakPeriod":9.192388534545898,"waveDirection":340.0,"windSpeed":3.6791982650756836,"windDirection":49.07777404785156,"swellHeight":1.130932092666626,"windSeaHeight":0.052418578416109085,"seaLevelPressure":1013.5,"windSeaHeight_w":0.052418578416109085,"windSeaPeriod_w":3.664123296737671,"windSeaDir_w":50.0,"swell1Height":1.1228300333023071,"swell1Period":9.041926383972168,"swell1Direction":340.0,"swell2Height":0.09702761471271515,"swell2Period":4.665622234344482,"swell2Direction":50.0}},{"type":"Feature","geometry":{"type":"Point","coordinates":[118.2,9.0]},"properties":{"model":"MRI3","waveHeight":0.21259918808937073,"wavePeriod":4.760170936584473,"peakPeriod":4.596194267272949,"waveDirection":70.0,"windSpeed":1.8346933126449585,"windDirection":9.410995483398438,"swellHeight":0.21259918808937073,"windSeaHeight":0.0,"seaLevelPressure":1013.4000244140625,"windSeaHeight_w":0.0,"windSeaPeriod_w":2.0,"windSeaDir_w":null,"swell1Height":0.2066297084093094,"swell1Period":4.796327590942383,"swell1Direction":80.0,"swell2Height":0.018260182812809944,"swell2Period":6.287740230560303,"swell2Direction":230.0}},{"type":"Feature","geometry":{"type":"Point","coordinates":[119.0,9.0]},"properties":{"model":"MRI3","waveHeight":0.47836536169052124,"wavePeriod":4.618899822235107,"peakPeriod":3.8649232387542725,"waveDirection":40.0,"windSpeed":5.6053009033203125,"windDirection":27.9822998046875,"swellHeight":0.21544517576694489,"windSeaHeight":0.4271027743816376,"seaLevelPressure":1013.2000122070312,"windSeaHeight_w":0.4271027743816376,"windSeaPeriod_w":4.506404876708984,"windSeaDir_w":40.0,"swell1Height":0.20609880983829498,"swell1Period":5.040401458740234,"swell1Direction":70.0,"swell2Height":0.05421397089958191,"swell2Period":4.97235107421875,"swell2Direction":280.0}},{"type":"Feature","geometry":{"type":"Point","coordinates":[119.8,9.0]},"properties":{"model":"MRI3","waveHeight":0.48615196347236633,"wavePeriod":4.758416175842285,"peakPeriod":3.8649232387542725,"waveDirection":30.0,"windSpeed":4.874474048614502,"windDirection":36.070587158203125,"swellHeight":0.3499695956707001,"windSeaHeight":0.3374388813972473,"seaLevelPressure":1013.0,"windSeaHeight_w":0.3374388813972473,"windSeaPeriod_w":4.251482009887695,"windSeaDir_w":40.0,"swell1Height":0.3401843011379242,"swell1Period":5.250859260559082,"swell1Direction":30.0,"swell2Height":0.0683286041021347,"swell2Period":5.2007012367248535,"swell2Direction":270.0}},{"type":"Feature","geometry":{"type":"Point","coordinates":[120.6,9.0]},"properties":{"model":"MRI3","waveHeight":0.548179030418396,"wavePeriod":4.915172576904297,"peakPeriod":3.8649232387542725,"waveDirection":40.0,"windSpeed":5.533642292022705,"windDirection":42.80303955078125,"swellHeight":0.3327272832393646,"windSeaHeight":0.43565213680267334,"seaLevelPressure":1012.9000244140625,"windSeaHeight_w":0.43565213680267334,"windSeaPeriod_w":4.392664909362793,"windSeaDir_w":40.0,"swell1Height":0.3203352987766266,"swell1Period":5.864709854125977,"swell1Direction":20.0,"swell2Height":0.05552975833415985,"swell2Period":4.347513675689697,"swell2Direction":110.0}},{"type":"Feature","geometry":{"type":"Point","coordinates":[121.39999999999999,9.0]},"properties":{"model":"MRI3","waveHeight":0.6121938228607178,"wavePeriod":4.974557399749756,"peakPeriod":3.8649232387542725,"waveDirection":30.0,"windSpeed":6.203458786010742,"windDirection":43.49772644042969,"swellHeight":0.32205185294151306,"windSeaHeight":0.5206379294395447,"seaLevelPressure":1012.7000122070312,"windSeaHeight_w":0.5206379294395447,"windSeaPeriod_w":4.523202896118164,"windSeaDir_w":40.0,"swell1Height":0.23150832951068878,"swell1Period":5.113818168640137,"swell1Direction":70.0,"swell2Height":0.2222927063703537,"swell2Period":7.297623157501221,"swell2Direction":320.0}},{"type":"Feature","geometry":{"type":"Point","coordinates":[122.2,9.0]},"properties":{"model":"MRI3","waveHeight":0.5234092473983765,"wavePeriod":5.069778919219971,"peakPeriod":3.8649232387542725,"waveDirection":30.0,"windSpeed":5.787711143493652,"windDirection":40.51539611816406,"swellHeight":0.3114490807056427,"windSeaHeight":0.4206622540950775,"seaLevelPressure":1012.6000366210938,"windSeaHeight_w":0.4206622540950775,"windSeaPeriod_w":4.321413040161133,"windSeaDir_w":40.0,"swell1Height":0.24985483288764954,"swell1Period":7.141930103302002,"swell1Direction":330.0,"swell2Height":0.18502625823020935,"swell2Period":5.150296211242676,"swell2Direction":90.0}},{"type":"Feature","geometry":{"type":"Point","coordinates":[123.0,9.0]},"properties":{"model":"MRI3","waveHeight":0.3705304265022278,"wavePeriod":5.199106216430664,"peakPeriod":4.596194267272949,"waveDirection":70.0,"windSpeed":2.8007140159606934,"windDirection":65.08197784423828,"swellHeight":0.3705304265022278,"windSeaHeight":0.0,"seaLevelPressure":1012.5,"windSeaHeight_w":0.0,"windSeaPeriod_w":2.0,"windSeaDir_w":null,"swell1Height":0.3434971868991852,"swell1Period":5.009241104125977,"swell1Direction":70.0,"swell2Height":0.11185118556022644,"swell2Period":7.327073574066162,"swell2Direction":310.0}},{"type":"Feature","geometry":{"type":"Point","coordinates":[123.8,9.0]},"properties":{"model":"MRI3","waveHeight":0.6482527256011963,"wavePeriod":5.092323303222656,"peakPeriod":3.8649232387542725,"waveDirection":50.0,"windSpeed":7.332973480224609,"windDirection":44.50276184082031,"swellHeight":0.25350338220596313,"windSeaHeight":0.5966302156448364,"seaLevelPressure":1012.7000122070312,"windSeaHeight_w":0.5966302156448364,"windSeaPeriod_w":4.623832702636719,"windSeaDir_w":50.0,"swell1Height":0.17896541953086853,"swell1Period":10.422806739807129,"swell1Direction":50.0,"swell2Height":0.1483723670244217,"swell2Period":4.688257217407227,"swell2Direction":100.0}},{"type":"Feature","geometry":{"type":"Point","coordinates":[124.6,9.0]},"properties":{"model":"MRI3","waveHeight":0.360010027885437,"wavePeriod":6.568965435028076,"peakPeriod":10.024370193481445,"waveDirection":40.0,"windSpeed":3.999624729156494,"windDirection":51.496795654296875,"swellHeight":0.3355436623096466,"windSeaHeight":0.13045182824134827,"seaLevelPressure":1012.5,"windSeaHeight_w":0.13045182824134827,"windSeaPeriod_w":3.8477816581726074,"windSeaDir_w":50.0,"swell1Height":0.31994134187698364,"swell1Period":7.190114974975586,"swell1Direction":40.0,"swell2Height":0.09125825017690659,"swell2Period":4.72343111038208,"swell2Direction":10.0}},{"type":"Feature","geometry":{"type":"Point","coordinates":[125.4,9.0]},"properties":{"model":"MRI3","waveHeight":0.16720212996006012,"wavePeriod":2.0,"peakPeriod":1.0,"waveDirection":null,"windSpeed":0.7093658447265625,"windDirection":158.49856567382812,"swellHeight":0.16720212996006012,"windSeaHeight":0.0,"seaLevelPressure":1013.0,"windSeaHeight_w":0.0,"windSeaPeriod_w":2.0,"windSeaDir_w":null,"swell1Height":0.1647084653377533,"swell1Period":9.185359954833984,"swell1Direction":10.0,"swell2Height":0.02548758126795292,"swell2Period":5.850098609924316,"swell2Direction":290.0}},{"type":"Feature","geometry":{"type":"Point","coordinates":[126.2,9.0]},"properties":{"model":"MRI3","waveHeight":1.1262967586517334,"wavePeriod":9.826035499572754,"peakPeriod":10.024370193481445,"waveDirection":50.0,"windSpeed":1.1036757230758667,"windDirection":355.32257080078125,"swellHeight":1.1262967586517334,"windSeaHeight":0.0,"seaLevelPressure":1013.0,"windSeaHeight_w":0.0,"windSeaPeriod_w":2.0,"windSeaDir_w":null,"swell1Height":1.1221942901611328,"swell1Period":9.854562759399414,"swell1Direction":50.0,"swell2Height":0.05870036035776138,"swell2Period":5.982001781463623,"swell2Direction":110.0}},{"type":"Feature","geometry":{"type":"Point","coordinates":[127.0,9.0]},"properties":{"model":"MRI3","waveHeight":2.019927501678467,"wavePeriod":8.925426483154297,"peakPeriod":10.024370193481445,"waveDirection":50.0,"windSpeed":7.50473165512085,"windDirection":49.53948974609375,"swellHeight":1.75900399684906,"windSeaHeight":0.9929815530776978,"seaLevelPressure":1012.4000244140625,"windSeaHeight_w":0.9929815530776978,"windSeaPeriod_w":5.835264682769775,"windSeaDir_w":50.0,"swell1Height":1.7442044019699097,"swell1Period":9.976692199707031,"swell1Direction":50.0,"swell2Height":0.1876756101846695,"swell2Period":5.732293605804443,"swell2Direction":110.0}},{"type":"Feature","geometry":{"type":"Point","coordinates":[127.8,9.0]},"properties":{"model":"MRI3","waveHeight":2.119553804397583,"wavePeriod":8.798266410827637,"peakPeriod":10.024370193481445,"waveDirection":50.0,"windSpeed":8.209457397460938,"windDirection":47.3695068359375,"swellHeight":1.7383872270584106,"windSeaHeight":1.2126493453979492,"seaLevelPressure":1012.2000122070312,"windSeaHeight_w":1.2126493453979492,"windSeaPeriod_w":6.27792501449585,"windSeaDir_w":50.0,"swell1Height":1.7166799306869507,"swell1Period":10.123001098632812,"swell1Direction":50.0,"swell2Height":0.19320933520793915,"swell2Period":5.801407337188721,"swell2Direction":110.0}},{"type":"Feature","geometry":{"type":"Point","coordinates":[128.6,9.0]},"properties":{"model":"MRI3","waveHeight":2.1904866695404053,"wavePeriod":8.738604545593262,"peakPeriod":10.024370193481445,"waveDirection":50.0,"windSpeed":8.684664726257324,"windDirection":43.97364807128906,"swellHeight":1.7065666913986206,"windSeaHeight":1.3732668161392212,"seaLevelPressure":1012.1000366210938,"windSeaHeight_w":1.3732668161392212,"windSeaPeriod_w":6.653802394866943,"windSeaDir_w":40.0,"swell1Height":1.6854958534240723,"swell1Period":10.197128295898438,"swell1Direction":50.0,"swell2Height":0.212071493268013,"swell2Period":5.532659530639648,"swell2Direction":110.0}},{"type":"Feature","geometry":{"type":"Point","coordinates":[129.4,9.0]},"properties":{"model":"MRI3","waveHeight":2.25407338142395,"wavePeriod":8.708919525146484,"peakPeriod":10.024370193481445,"waveDirection":40.0,"windSpeed":8.546074867248535,"windDirection":43.1982421875,"swellHeight":1.8107545375823975,"windSeaHeight":1.3423914909362793,"seaLevelPressure":1012.0,"windSeaHeight_w":1.3423914909362793,"windSeaPeriod_w":6.472033500671387,"windSeaDir_w":40.0,"swell1Height":1.7870038747787476,"swell1Period":10.048595428466797,"swell1Direction":40.0,"swell2Height":0.2168494462966919,"swell2Period":5.481964111328125,"swell2Direction":110.0}},{"type":"Feature","geometry":{"type":"Point","coordinates":[130.2,9.0]},"properties":{"model":"MRI3","waveHeight":2.350983142852783,"wavePeriod":8.672110557556152,"peakPeriod":10.024370193481445,"waveDirection":40.0,"windSpeed":9.597567558288574,"windDirection":41.663299560546875,"swellHeight":1.6402620077133179,"windSeaHeight":1.6842392683029175,"seaLevelPressure":1011.7000122070312,"windSeaHeight_w":1.6842392683029175,"windSeaPeriod_w":7.18327522277832,"windSeaDir_w":40.0,"swell1Height":1.6093052625656128,"swell1Period":10.414501190185547,"swell1Direction":40.0,"swell2Height":0.2396439164876938,"swell2Period":5.342455863952637,"swell2Direction":110.0}},{"type":"Feature","geometry":{"type":"Point","coordinates":[131.0,9.0]},"properties":{"model":"MRI3","waveHeight":2.4909286499023438,"wavePeriod":8.553559303283691,"peakPeriod":10.024370193481445,"waveDirection":40.0,"windSpeed":10.269488334655762,"windDirection":40.57708740234375,"swellHeight":1.4298642873764038,"windSeaHeight":2.0396602153778076,"seaLevelPressure":1011.5,"windSeaHeight_w":2.0396602153778076,"windSeaPeriod_w":7.656461238861084,"windSeaDir_w":40.0,"swell1Height":1.4008545875549316,"swell1Period":10.578924179077148,"swell1Direction":40.0,"swell2Height":0.24657376110553741,"swell2Period":5.314353942871094,"swell2Direction":110.0}},{"type":"Feature","geometry":{"type":"Point","coordinates":[131.8,9.0]},"properties":{"model":"MRI3","waveHeight":2.5600051879882812,"wavePeriod":8.535778045654297,"peakPeriod":10.024370193481445,"waveDirection":40.0,"windSpeed":10.734142303466797,"windDirection":39.10163879394531,"swellHeight":1.2485867738723755,"windSeaHeight":2.234873056411743,"seaLevelPressure":1011.2000122070312,"windSeaHeight_w":2.234873056411743,"windSeaPeriod_w":7.97949743270874,"windSeaDir_w":40.0,"swell1Height":1.2134273052215576,"swell1Period":10.595671653747559,"swell1Direction":40.0,"swell2Height":0.2468971163034439,"swell2Period":5.229709148406982,"swell2Direction":110.0}},{"type":"Feature","geometry":{"type":"Point","coordinates":[132.6,9.0]},"properties":{"model":"MRI3","waveHeight":2.6077897548675537,"wavePeriod":8.499842643737793,"peakPeriod":10.024370193481445,"waveDirection":40.0,"windSpeed":11.125825881958008,"windDirection":38.724151611328125,"swellHeight":1.2074850797653198,"windSeaHeight":2.3113949298858643,"seaLevelPressure":1010.9000244140625,"windSeaHeight_w":2.3113949298858643,"windSeaPeriod_w":7.990206241607666,"windSeaDir_w":40.0,"swell1Height":1.1731081008911133,"swell1Period":10.648185729980469,"swell1Direction":30.0,"swell2Height":0.2297302931547165,"swell2Period":5.17680549621582,"swell2Direction":110.0}},{"type":"Feature","geometry":{"type":"Point","coordinates":[133.4,9.0]},"properties":{"model":"MRI3","waveHeight":2.5664169788360596,"wavePeriod":8.460135459899902,"peakPeriod":10.024370193481445,"waveDirection":40.0,"windSpeed":11.068355560302734,"windDirection":39.09637451171875,"swellHeight":1.278935194015503,"windSeaHeight":2.225043773651123,"seaLevelPressure":1010.7000122070312,"windSeaHeight_w":2.225043773651123,"windSeaPeriod_w":7.826396465301514,"windSeaDir_w":40.0,"swell1Height":1.240920066833496,"swell1Period":10.651983261108398,"swell1Direction":30.0,"swell2Height":0.24659611284732819,"swell2Period":5.814297199249268,"swell2Direction":110.0}},{"type":"Feature","geometry":{"type":"Point","coordinates":[134.2,9.0]},"properties":{"model":"MRI3","waveHeight":2.405113935470581,"wavePeriod":8.392581939697266,"peakPeriod":9.192388534545898,"waveDirection":30.0,"windSpeed":11.151008605957031,"windDirection":37.640655517578125,"swellHeight":1.1880778074264526,"windSeaHeight":2.0911827087402344,"seaLevelPressure":1010.4000244140625,"windSeaHeight_w":2.0911827087402344,"windSeaPeriod_w":7.760501384735107,"windSeaDir_w":40.0,"swell1Height":1.1652135848999023,"swell1Period":10.530867576599121,"swell1Direction":20.0,"swell2Height":0.20057834684848785,"swell2Period":5.69624662399292,"swell2Direction":110.0}},{"type":"Feature","geometry":{"type":"Point","coordinates":[115.8,9.8]},"properties":{"model":"MRI3","waveHeight":1.8095606565475464,"wavePeriod":9.0310640335083,"peakPeriod":9.192388534545898,"waveDirection":0.0,"windSpeed":6.179846286773682,"windDirection":38.8914794921875,"swellHeight":1.7149101495742798,"windSeaHeight":0.5775749683380127,"seaLevelPressure":1013.9000244140625,"windSeaHeight_w":0.5775749683380127,"windSeaPeriod_w":4.879644393920898,"windSeaDir_w":40.0,"swell1Height":1.7003196477890015,"swell1Period":9.569552421569824,"swell1Direction":0.0,"swell2Height":0.15080095827579498,"swell2Period":5.161382675170898,"swell2Direction":70.0}},{"type":"Feature","geometry":{"type":"Point","coordinates":[116.6,9.8]},"properties":{"model":"MRI3","waveHeight":1.625777244567871,"wavePeriod":9.012176513671875,"peakPeriod":9.192388534545898,"waveDirection":0.0,"windSpeed":5.55511474609375,"windDirection":42.73854064941406,"swellHeight":1.5604277849197388,"windSeaHeight":0.45630794763565063,"seaLevelPressure":1013.7999877929688,"windSeaHeight_w":0.45630794763565063,"windSeaPeriod_w":4.545930862426758,"windSeaDir_w":40.0,"swell1Height":1.5441806316375732,"swell1Period":9.47557544708252,"swell1Direction":0.0,"swell2Height":0.14673039317131042,"swell2Period":5.16911506652832,"swell2Direction":70.0}},{"type":"Feature","geometry":{"type":"Point","coordinates":[117.39999999999999,9.8]},"properties":{"model":"MRI3","waveHeight":1.4671883583068848,"wavePeriod":8.92313289642334,"peakPeriod":9.192388534545898,"waveDirection":350.0,"windSpeed":5.3473076820373535,"windDirection":41.740325927734375,"swellHeight":1.4078036546707153,"windSeaHeight":0.41319540143013,"seaLevelPressure":1013.7000122070312,"windSeaHeight_w":0.41319540143013,"windSeaPeriod_w":4.465537071228027,"windSeaDir_w":40.0,"swell1Height":1.392929196357727,"swell1Period":9.382896423339844,"swell1Direction":350.0,"swell2Height":0.13825690746307373,"swell2Period":6.23237419128418,"swell2Direction":270.0}},{"type":"Feature","geometry":{"type":"Point","coordinates":[118.2,9.8]},"properties":{"model":"MRI3","waveHeight":1.2337077856063843,"wavePeriod":9.018975257873535,"peakPeriod":9.192388534545898,"waveDirection":340.0,"windSpeed":4.7311835289001465,"windDirection":45.94200134277344,"swellHeight":1.2196978330612183,"windSeaHeight":0.18539710342884064,"seaLevelPressure":1013.5,"windSeaHeight_w":0.18539710342884064,"windSeaPeriod_w":4.184722900390625,"windSeaDir_w":40.0,"swell1Height":1.2139832973480225,"swell1Period":9.16242790222168,"swell1Direction":340.0,"swell2Height":0.06332807242870331,"swell2Period":5.354701042175293,"swell2Direction":50.0}},{"type":"Feature","geometry":{"type":"Point","coordinates":[119.0,9.8]},"properties":{"model":"MRI3","waveHeight":0.30172571539878845,"wavePeriod":4.553774833679199,"peakPeriod":3.8649232387542725,"waveDirection":60.0,"windSpeed":3.766935110092163,"windDirection":29.763748168945312,"swellHeight":0.28524288535118103,"windSeaHeight":0.0983610525727272,"seaLevelPressure":1013.4000244140625,"windSeaHeight_w":0.0983610525727272,"windSeaPeriod_w":3.829063653945923,"windSeaDir_w":30.0,"swell1Height":0.2841205596923828,"swell1Period":4.639001846313477,"swell1Direction":70.0,"swell2Height":0.018749980255961418,"swell2Period":3.660813331604004,"swell2Direction":350.0}},{"type":"Feature","geometry":{"type":"Point","coordinates":[119.8,9.8]},"properties":{"model":"MRI3","waveHeight":0.49901461601257324,"wavePeriod":4.751506805419922,"peakPeriod":3.8649232387542725,"waveDirection":40.0,"windSpeed":5.1324944496154785,"windDirection":47.76387023925781,"swellHeight":0.29815635085105896,"windSeaHeight":0.4001479148864746,"seaLevelPressure":1013.2999877929688,"windSeaHeight_w":0.4001479148864746,"windSeaPeriod_w":4.381490230560303,"windSeaDir_w":50.0,"swell1Height":0.28894686698913574,"swell1Period":5.495642185211182,"swell1Direction":30.0,"swell2Height":0.026177046820521355,"swell2Period":4.356357574462891,"swell2Direction":120.0}},{"type":"Feature","geometry":{"type":"Point","coordinates":[120.6,9.8]},"properties":{"model":"MRI3","waveHeight":0.43013665080070496,"wavePeriod":5.660221099853516,"peakPeriod":4.596194267272949,"waveDirection":10.0,"windSpeed":4.604400157928467,"windDirection":40.33135986328125,"swellHeight":0.3767847716808319,"windSeaHeight":0.20748679339885712,"seaLevelPressure":1013.1000366210938,"windSeaHeight_w":0.20748679339885712,"windSeaPeriod_w":4.190126895904541,"windSeaDir_w":40.0,"swell1Height":0.3712581992149353,"swell1Period":6.146331787109375,"swell1Direction":10.0,"swell2Height":0.028575649484992027,"swell2Period":4.359622955322266,"swell2Direction":120.0}},{"type":"Feature","geometry":{"type":"Point","coordinates":[121.39999999999999,9.8]},"properties":{"model":"MRI3","waveHeight":0.5867157578468323,"wavePeriod":5.085855960845947,"peakPeriod":3.8649232387542725,"waveDirection":30.0,"windSpeed":6.687846660614014,"windDirection":47.363250732421875,"swellHeight":0.2958538830280304,"windSeaHeight":0.5066614747047424,"seaLevelPressure":1013.0,"windSeaHeight_w":0.5066614747047424,"windSeaPeriod_w":4.4769086837768555,"windSeaDir_w":50.0,"swell1Height":0.2549673318862915,"swell1Period":7.542138576507568,"swell1Direction":330.0,"swell2Height":0.10240957140922546,"swell2Period":5.326523303985596,"swell2Direction":10.0}},{"type":"Feature","geometry":{"type":"Point","coordinates":[122.2,9.8]},"properties":{"model":"MRI3","waveHeight":0.4739474356174469,"wavePeriod":5.062305927276611,"peakPeriod":3.8649232387542725,"waveDirection":10.0,"windSpeed":6.189450263977051,"windDirection":38.110443115234375,"swellHeight":0.2521962821483612,"windSeaHeight":0.40127697587013245,"seaLevelPressure":1013.0,"windSeaHeight_w":0.40127697587013245,"windSeaPeriod_w":4.334929943084717,"windSeaDir_w":40.0,"swell1Height":0.21836204826831818,"swell1Period":7.613921165466309,"swell1Direction":320.0,"swell2Height":0.10549038648605347,"swell2Period":4.914283752441406,"swell2Direction":0.0}},{"type":"Feature","geometry":{"type":"Point","coordinates":[124.6,9.8]},"properties":{"model":"MRI3","waveHeight":0.38105711340904236,"wavePeriod":6.593852996826172,"peakPeriod":10.024370193481445,"waveDirection":70.0,"windSpeed":3.798539161682129,"windDirection":52.164710998535156,"swellHeight":0.3651004433631897,"windSeaHeight":0.10911542177200317,"seaLevelPressure":1013.1000366210938,"windSeaHeight_w":0.10911542177200317,"windSeaPeriod_w":3.826871395111084,"windSeaDir_w":50.0,"swell1Height":0.36334511637687683,"swell1Period":6.867997646331787,"swell1Direction":70.0,"swell2Height":0.031913112848997116,"swell2Period":3.7203752994537354,"swell2Direction":10.0}},{"type":"Feature","geometry":{"type":"Point","coordinates":[125.4,9.8]},"properties":{"model":"MRI3","waveHeight":0.5024752616882324,"wavePeriod":9.260890007019043,"peakPeriod":10.024370193481445,"waveDirection":50.0,"windSpeed":2.994812250137329,"windDirection":72.10956573486328,"swellHeight":0.5024752616882324,"windSeaHeight":0.0,"seaLevelPressure":1013.1000366210938,"windSeaHeight_w":0.0,"windSeaPeriod_w":2.0,"windSeaDir_w":null,"swell1Height":0.5000466704368591,"swell1Period":9.289712905883789,"swell1Direction":50.0,"swell2Height":0.043131835758686066,"swell2Period":5.671725749969482,"swell2Direction":340.0}},{"type":"Feature","geometry":{"type":"Point","coordinates":[126.2,9.8]},"properties":{"model":"MRI3","waveHeight":1.895859956741333,"wavePeriod":9.04366397857666,"peakPeriod":10.024370193481445,"waveDirection":60.0,"windSpeed":5.223121643066406,"windDirection":57.19227600097656,"swellHeight":1.843153715133667,"windSeaHeight":0.44392457604408264,"seaLevelPressure":1012.9000244140625,"windSeaHeight_w":0.44392457604408264,"windSeaPeriod_w":4.478728771209717,"windSeaDir_w":60.0,"swell1Height":1.8365323543548584,"swell1Period":9.335382461547852,"swell1Direction":50.0,"swell2Height":0.12346457690000534,"swell2Period":5.230062484741211,"swell2Direction":120.0}},{"type":"Feature","geometry":{"type":"Point","coordinates":[127.0,9.8]},"properties":{"model":"MRI3","waveHeight":2.0733139514923096,"wavePeriod":8.74305534362793,"peakPeriod":10.024370193481445,"waveDirection":50.0,"windSpeed":7.855730056762695,"windDirection":50.9415283203125,"swellHeight":1.7448724508285522,"windSeaHeight":1.1198440790176392,"seaLevelPressure":1012.6000366210938,"windSeaHeight_w":1.1198440790176392,"windSeaPeriod_w":6.056901931762695,"windSeaDir_w":50.0,"swell1Height":1.7310374975204468,"swell1Period":9.91235065460205,"swell1Direction":50.0,"swell2Height":0.1647486388683319,"swell2Period":5.225635051727295,"swell2Direction":120.0}},{"type":"Feature","geometry":{"type":"Point","coordinates":[127.8,9.8]},"properties":{"model":"MRI3","waveHeight":2.169093370437622,"wavePeriod":8.685864448547363,"peakPeriod":10.024370193481445,"waveDirection":50.0,"windSpeed":8.34999942779541,"windDirection":53.130104064941406,"swellHeight":1.7199923992156982,"windSeaHeight":1.321587085723877,"seaLevelPressure":1012.5,"windSeaHeight_w":1.321587085723877,"windSeaPeriod_w":6.471549987792969,"windSeaDir_w":50.0,"swell1Height":1.7003201246261597,"swell1Period":10.085348129272461,"swell1Direction":50.0,"swell2Height":0.17760975658893585,"swell2Period":6.450308799743652,"swell2Direction":330.0}},{"type":"Feature","geometry":{"type":"Point","coordinates":[128.6,9.8]},"properties":{"model":"MRI3","waveHeight":2.2593677043914795,"wavePeriod":8.68130874633789,"peakPeriod":10.024370193481445,"waveDirection":50.0,"windSpeed":8.050297737121582,"windDirection":49.48362731933594,"swellHeight":1.8778800964355469,"windSeaHeight":1.2563077211380005,"seaLevelPressure":1012.5,"windSeaHeight_w":1.2563077211380005,"windSeaPeriod_w":6.228823184967041,"windSeaDir_w":50.0,"swell1Height":1.8519679307937622,"swell1Period":9.8892183303833,"swell1Direction":50.0,"swell2Height":0.2634894549846649,"swell2Period":5.712158203125,"swell2Direction":120.0}},{"type":"Feature","geometry":{"type":"Point","coordinates":[129.4,9.8]},"properties":{"model":"MRI3","waveHeight":2.364899158477783,"wavePeriod":8.661105155944824,"peakPeriod":10.024370193481445,"waveDirection":50.0,"windSpeed":8.604044914245605,"windDirection":47.072296142578125,"swellHeight":1.8666130304336548,"windSeaHeight":1.4520689249038696,"seaLevelPressure":1012.2999877929688,"windSeaHeight_w":1.4520689249038696,"windSeaPeriod_w":6.5840535163879395,"windSeaDir_w":50.0,"swell1Height":1.8386799097061157,"swell1Period":10.041036605834961,"swell1Direction":40.0,"swell2Height":0.2502673268318176,"swell2Period":5.744563102722168,"swell2Direction":120.0}},{"type":"Feature","geometry":{"type":"Point","coordinates":[130.2,9.8]},"properties":{"model":"MRI3","waveHeight":2.467639446258545,"wavePeriod":8.666337966918945,"peakPeriod":10.024370193481445,"waveDirection":40.0,"windSpeed":9.326741218566895,"windDirection":44.956573486328125,"swellHeight":1.7863770723342896,"windSeaHeight":1.702380895614624,"seaLevelPressure":1012.1000366210938,"windSeaHeight_w":1.702380895614624,"windSeaPeriod_w":7.034334182739258,"windSeaDir_w":40.0,"swell1Height":1.7519545555114746,"swell1Period":10.320223808288574,"swell1Direction":40.0,"swell2Height":0.2657553553581238,"swell2Period":5.4669318199157715,"swell2Direction":120.0}},{"type":"Feature","geometry":{"type":"Point","coordinates":[131.0,9.8]},"properties":{"model":"MRI3","waveHeight":2.545705556869507,"wavePeriod":8.680856704711914,"peakPeriod":10.024370193481445,"waveDirection":40.0,"windSpeed":9.956876754760742,"windDirection":44.267578125,"swellHeight":1.5974023342132568,"windSeaHeight":1.9821507930755615,"seaLevelPressure":1011.9000244140625,"windSeaHeight_w":1.9821507930755615,"windSeaPeriod_w":7.582849025726318,"windSeaDir_w":40.0,"swell1Height":1.5565837621688843,"swell1Period":10.6097412109375,"swell1Direction":40.0,"swell2Height":0.26323768496513367,"swell2Period":5.435820579528809,"swell2Direction":120.0}},{"type":"Feature","geometry":{"type":"Point","coordinates":[131.8,9.8]},"properties":{"model":"MRI3","waveHeight":2.6004903316497803,"wavePeriod":8.670981407165527,"peakPeriod":10.024370193481445,"waveDirection":40.0,"windSpeed":10.35338020324707,"windDirection":42.69062805175781,"swellHeight":1.532667636871338,"windSeaHeight":2.1008284091949463,"seaLevelPressure":1011.7000122070312,"windSeaHeight_w":2.1008284091949463,"windSeaPeriod_w":7.749790668487549,"windSeaDir_w":40.0,"swell1Height":1.4874253273010254,"swell1Period":10.679533958435059,"swell1Direction":40.0,"swell2Height":0.26180562376976013,"swell2Period":5.350684642791748,"swell2Direction":120.0}},{"type":"Feature","geometry":{"type":"Point","coordinates":[132.6,9.8]},"properties":{"model":"MRI3","waveHeight":2.625343084335327,"wavePeriod":8.652873992919922,"peakPeriod":10.024370193481445,"waveDirection":40.0,"windSpeed":10.73381519317627,"windDirection":40.844482421875,"swellHeight":1.334562063217163,"windSeaHeight":2.260834217071533,"seaLevelPressure":1011.4000244140625,"windSeaHeight_w":2.260834217071533,"windSeaPeriod_w":8.06246566772461,"windSeaDir_w":40.0,"swell1Height":1.2973783016204834,"swell1Period":10.621423721313477,"swell1Direction":30.0,"swell2Height":0.2532333433628082,"swell2Period":5.198592185974121,"swell2Direction":120.0}},{"type":"Feature","geometry":{"type":"Point","coordinates":[133.4,9.8]},"properties":{"model":"MRI3","waveHeight":2.634082555770874,"wavePeriod":8.579623222351074,"peakPeriod":10.024370193481445,"waveDirection":40.0,"windSpeed":11.100851058959961,"windDirection":39.62715148925781,"swellHeight":1.3497676849365234,"windSeaHeight":2.261972188949585,"seaLevelPressure":1011.2000122070312,"windSeaHeight_w":2.261972188949585,"windSeaPeriod_w":7.933208465576172,"windSeaDir_w":40.0,"swell1Height":1.30779230594635,"swell1Period":10.683107376098633,"swell1Direction":30.0,"swell2Height":0.26771625876426697,"swell2Period":5.840600967407227,"swell2Direction":110.0}},{"type":"Feature","geometry":{"type":"Point","coordinates":[134.2,9.8]},"properties":{"model":"MRI3","waveHeight":2.56535267829895,"wavePeriod":8.478493690490723,"peakPeriod":9.192388534545898,"waveDirection":30.0,"windSpeed":11.43701457977295,"windDirection":39.1448974609375,"swellHeight":1.1633446216583252,"windSeaHeight":2.2864084243774414,"seaLevelPressure":1010.9000244140625,"windSeaHeight_w":2.2864084243774414,"windSeaPeriod_w":8.027462005615234,"windSeaDir_w":40.0,"swell1Height":1.1381125450134277,"swell1Period":10.415937423706055,"swell1Direction":20.0,"swell2Height":0.20314110815525055,"swell2Period":5.713808536529541,"swell2Direction":110.0}},{"type":"Feature","geometry":{"type":"Point","coordinates":[115.8,10.600000000000001]},"properties":{"model":"MRI3","waveHeight":2.0223710536956787,"wavePeriod":9.03530216217041,"peakPeriod":9.192388534545898,"waveDirection":10.0,"windSpeed":7.174900531768799,"windDirection":35.240631103515625,"swellHeight":1.8807214498519897,"windSeaHeight":0.7435535788536072,"seaLevelPressure":1014.1000366210938,"windSeaHeight_w":0.7435535788536072,"windSeaPeriod_w":5.337812423706055,"windSeaDir_w":30.0,"swell1Height":1.8714404106140137,"swell1Period":9.650667190551758,"swell1Direction":0.0,"swell2Height":0.14118695259094238,"swell2Period":5.606520175933838,"swell2Direction":280.0}},{"type":"Feature","geometry":{"type":"Point","coordinates":[116.6,10.600000000000001]},"properties":{"model":"MRI3","waveHeight":1.8171672821044922,"wavePeriod":9.024252891540527,"peakPeriod":9.192388534545898,"waveDirection":0.0,"windSpeed":6.106078624725342,"windDirection":39.81758117675781,"swellHeight":1.730828046798706,"windSeaHeight":0.5534719228744507,"seaLevelPressure":1014.0,"windSeaHeight_w":0.5534719228744507,"windSeaPeriod_w":4.845459938049316,"windSeaDir_w":40.0,"swell1Height":1.7170250415802002,"swell1Period":9.51339054107666,"swell1Direction":0.0,"swell2Height":0.14580613374710083,"swell2Period":5.729069232940674,"swell2Direction":280.0}},{"type":"Feature","geometry":{"type":"Point","coordinates":[117.39999999999999,10.600000000000001]},"properties":{"model":"MRI3","waveHeight":1.628263235092163,"wavePeriod":8.957176208496094,"peakPeriod":9.192388534545898,"waveDirection":0.0,"windSpeed":5.669964790344238,"windDirection":42.355255126953125,"swellHeight":1.5615636110305786,"windSeaHeight":0.46125948429107666,"seaLevelPressure":1013.9000244140625,"windSeaHeight_w":0.46125948429107666,"windSeaPeriod_w":4.608369827270508,"windSeaDir_w":40.0,"swell1Height":1.5456000566482544,"swell1Period":9.415865898132324,"swell1Direction":350.0,"swell2Height":0.15243040025234222,"swell2Period":4.853397846221924,"swell2Direction":80.0}},{"type":"Feature","geometry":{"type":"Point","coordinates":[118.2,10.600000000000001]},"properties":{"model":"MRI3","waveHeight":1.436353087425232,"wavePeriod":9.057363510131836,"peakPeriod":9.192388534545898,"waveDirection":350.0,"windSpeed":4.984144687652588,"windDirection":36.43305969238281,"swellHeight":1.4067531824111938,"windSeaHeight":0.2900959849357605,"seaLevelPressure":1013.7999877929688,"windSeaHeight_w":0.2900959849357605,"windSeaPeriod_w":4.353590488433838,"windSeaDir_w":40.0,"swell1Height":1.3201532363891602,"swell1Period":9.415623664855957,"swell1Direction":350.0,"swell2Height":0.4311417043209076,"swell2Period":8.758416175842285,"swell2Direction":10.0}},{"type":"Feature","geometry":{"type":"Point","coordinates":[119.0,10.600000000000001]},"properties":{"model":"MRI3","waveHeight":1.1027506589889526,"wavePeriod":9.060063362121582,"peakPeriod":9.192388534545898,"waveDirection":350.0,"windSpeed":4.266016483306885,"windDirection":53.291282653808594,"swellHeight":1.0988954305648804,"windSeaHeight":0.09212903678417206,"seaLevelPressure":1013.7000122070312,"windSeaHeight_w":0.09212903678417206,"windSeaPeriod_w":3.938171625137329,"windSeaDir_w":50.0,"swell1Height":1.090725302696228,"swell1Period":9.149613380432129,"swell1Direction":350.0,"swell2Height":0.08473289012908936,"swell2Period":5.7091240882873535,"swell2Direction":270.0}},{"type":"Feature","geometry":{"type":"Point","coordinates":[119.8,10.600000000000001]},"properties":{"model":"MRI3","waveHeight":0.4250943064689636,"wavePeriod":5.585582256317139,"peakPeriod":3.8649232387542725,"waveDirection":30.0,"windSpeed":4.969547271728516,"windDirection":51.7003173828125,"swellHeight":0.30332842469215393,"windSeaHeight":0.29782044887542725,"seaLevelPressure":1013.5,"windSeaHeight_w":0.29782044887542725,"windSeaPeriod_w":4.319311141967773,"windSeaDir_w":50.0,"swell1Height":0.29441726207733154,"swell1Period":6.783596038818359,"swell1Direction":20.0,"swell2Height":0.07160259783267975,"swell2Period":7.196215629577637,"swell2Direction":310.0}},{"type":"Feature","geometry":{"type":"Point","coordinates":[120.6,10.600000000000001]},"properties":{"model":"MRI3","waveHeight":0.688959002494812,"wavePeriod":5.326511383056641,"peakPeriod":4.596194267272949,"waveDirection":30.0,"windSpeed":6.915121078491211,"windDirection":47.52009582519531,"swellHeight":0.32923972606658936,"windSeaHeight":0.6051989197731018,"seaLevelPressure":1013.2999877929688,"windSeaHeight_w":0.6051989197731018,"windSeaPeriod_w":4.651656150817871,"windSeaDir_w":50.0,"swell1Height":0.3101525902748108,"swell1Period":7.93735933303833,"swell1Direction":330.0,"swell2Height":0.06613781303167343,"swell2Period":5.454604625701904,"swell2Direction":10.0}},{"type":"Feature","geometry":{"type":"Point","coordinates":[121.39999999999999,10.600000000000001]},"properties":{"model":"MRI3","waveHeight":0.510515570640564,"wavePeriod":5.625978946685791,"peakPeriod":3.8649232387542725,"waveDirection":0.0,"windSpeed":5.256319999694824,"windDirection":37.50213623046875,"swellHeight":0.3678922653198242,"windSeaHeight":0.3539511263370514,"seaLevelPressure":1013.2000122070312,"windSeaHeight_w":0.3539511263370514,"windSeaPeriod_w":4.360819339752197,"windSeaDir_w":40.0,"swell1Height":0.2662649154663086,"swell1Period":8.5486478805542,"swell1Direction":320.0,"swell2Height":0.24264724552631378,"swell2Period":4.927304744720459,"swell2Direction":20.0}},{"type":"Feature","geometry":{"type":"Point","coordinates":[122.2,10.600000000000001]},"properties":{"model":"MRI3","waveHeight":0.07010287791490555,"wavePeriod":2.0,"peakPeriod":1.0,"waveDirection":null,"windSpeed":4.400692939758301,"windDirection":41.222686767578125,"swellHeight":0.0498194545507431,"windSeaHeight":0.04931972920894623,"seaLevelPressure":1013.2000122070312,"windSeaHeight_w":0.04931972920894623,"windSeaPeriod_w":3.7691428661346436,"windSeaDir_w":40.0,"swell1Height":0.03862231597304344,"swell1Period":4.255705833435059,"swell1Direction":100.0,"swell2Height":0.016336414963006973,"swell2Period":3.8052818775177,"swell2Direction":80.0}},{"type":"Feature","geometry":{"type":"Point","coordinates":[124.6,10.600000000000001]},"properties":{"model":"MRI3","waveHeight":0.04007164388895035,"wavePeriod":2.0,"peakPeriod":1.0,"waveDirection":null,"windSpeed":2.878002643585205,"windDirection":53.05047607421875,"swellHeight":0.04007164388895035,"windSeaHeight":0.0,"seaLevelPressure":1013.2999877929688,"windSeaHeight_w":0.0,"windSeaPeriod_w":2.0,"windSeaDir_w":null,"swell1Height":0.02259867824614048,"swell1Period":4.891788005828857,"swell1Direction":120.0,"swell2Height":0.016103694215416908,"swell2Period":3.8768670558929443,"swell2Direction":50.0}},{"type":"Feature","geometry":{"type":"Point","coordinates":[125.4,10.600000000000001]},"properties":{"model":"MRI3","waveHeight":1.2254747152328491,"wavePeriod":8.85575008392334,"peakPeriod":10.024370193481445,"waveDirection":60.0,"windSpeed":3.948720932006836,"windDirection":47.2578125,"swellHeight":1.2142711877822876,"windSeaHeight":0.16532884538173676,"seaLevelPressure":1013.2999877929688,"windSeaHeight_w":0.16532884538173676,"windSeaPeriod_w":3.838367462158203,"windSeaDir_w":50.0,"swell1Height":1.2129236459732056,"swell1Period":8.95451545715332,"swell1Direction":60.0,"swell2Height":0.02814800851047039,"swell2Period":4.849360466003418,"swell2Direction":130.0}},{"type":"Feature","geometry":{"type":"Point","coordinates":[126.2,10.600000000000001]},"properties":{"model":"MRI3","waveHeight":1.951887607574463,"wavePeriod":8.727343559265137,"peakPeriod":10.024370193481445,"waveDirection":60.0,"windSpeed":7.691254615783691,"windDirection":61.668975830078125,"swellHeight":1.64805006980896,"windSeaHeight":1.0458470582962036,"seaLevelPressure":1013.1000366210938,"windSeaHeight_w":1.0458470582962036,"windSeaPeriod_w":5.968784809112549,"windSeaDir_w":60.0,"swell1Height":1.6336994171142578,"swell1Period":9.907783508300781,"swell1Direction":60.0,"swell2Height":0.18967847526073456,"swell2Period":5.579514980316162,"swell2Direction":120.0}},{"type":"Feature","geometry":{"type":"Point","coordinates":[127.0,10.600000000000001]},"properties":{"model":"MRI3","waveHeight":2.034928798675537,"wavePeriod":8.68790054321289,"peakPeriod":10.024370193481445,"waveDirection":60.0,"windSpeed":7.890658855438232,"windDirection":56.108543395996094,"swellHeight":1.6856237649917603,"windSeaHeight":1.1400033235549927,"seaLevelPressure":1012.9000244140625,"windSeaHeight_w":1.1400033235549927,"windSeaPeriod_w":6.165358066558838,"windSeaDir_w":60.0,"swell1Height":1.6655364036560059,"swell1Period":9.933959007263184,"swell1Direction":50.0,"swell2Height":0.203526571393013,"swell2Period":5.65337610244751,"swell2Direction":120.0}},{"type":"Feature","geometry":{"type":"Point","coordinates":[127.8,10.600000000000001]},"properties":{"model":"MRI3","waveHeight":2.1728670597076416,"wavePeriod":8.620209693908691,"peakPeriod":10.024370193481445,"waveDirection":50.0,"windSpeed":9.051850318908691,"windDirection":51.458831787109375,"swellHeight":1.5505386590957642,"windSeaHeight":1.5222290754318237,"seaLevelPressure":1012.7000122070312,"windSeaHeight_w":1.5222290754318237,"windSeaPeriod_w":6.984884738922119,"windSeaDir_w":50.0,"swell1Height":1.5228451490402222,"swell1Period":10.348663330078125,"swell1Direction":50.0,"swell2Height":0.2151864916086197,"swell2Period":5.488018035888672,"swell2Direction":120.0}},{"type":"Feature","geometry":{"type":"Point","coordinates":[128.6,10.600000000000001]},"properties":{"model":"MRI3","waveHeight":2.35182523727417,"wavePeriod":8.537922859191895,"peakPeriod":10.024370193481445,"waveDirection":50.0,"windSpeed":9.678393363952637,"windDirection":49.23176574707031,"swellHeight":1.523666262626648,"windSeaHeight":1.7915140390396118,"seaLevelPressure":1012.6000366210938,"windSeaHeight_w":1.7915140390396118,"windSeaPeriod_w":7.2911834716796875,"windSeaDir_w":50.0,"swell1Height":1.488966703414917,"swell1Period":10.460679054260254,"swell1Direction":50.0,"swell2Height":0.21109066903591156,"swell2Period":6.499505996704102,"swell2Direction":330.0}},{"type":"Feature","geometry":{"type":"Point","coordinates":[129.4,10.600000000000001]},"properties":{"model":"MRI3","waveHeight":2.5204529762268066,"wavePeriod":8.502339363098145,"peakPeriod":10.024370193481445,"waveDirection":50.0,"windSpeed":10.411724090576172,"windDirection":46.40098571777344,"swellHeight":1.3932042121887207,"windSeaHeight":2.1003963947296143,"seaLevelPressure":1012.5,"windSeaHeight_w":2.1003963947296143,"windSeaPeriod_w":7.682539463043213,"windSeaDir_w":50.0,"swell1Height":1.363774299621582,"swell1Period":10.560212135314941,"swell1Direction":50.0,"swell2Height":0.21632392704486847,"swell2Period":5.396773815155029,"swell2Direction":120.0}},{"type":"Feature","geometry":{"type":"Point","coordinates":[130.2,10.600000000000001]},"properties":{"model":"MRI3","waveHeight":2.6914021968841553,"wavePeriod":8.536009788513184,"peakPeriod":10.024370193481445,"waveDirection":50.0,"windSpeed":11.15206241607666,"windDirection":44.23707580566406,"swellHeight":1.17882239818573,"windSeaHeight":2.419508695602417,"seaLevelPressure":1012.2999877929688,"windSeaHeight_w":2.419508695602417,"windSeaPeriod_w":8.121928215026855,"windSeaDir_w":40.0,"swell1Height":0.8078625798225403,"swell1Period":10.675009727478027,"swell1Direction":60.0,"swell2Height":0.7675327658653259,"swell2Period":10.940422058105469,"swell2Direction":40.0}},{"type":"Feature","geometry":{"type":"Point","coordinates":[131.0,10.600000000000001]},"properties":{"model":"MRI3","waveHeight":2.8433589935302734,"wavePeriod":8.581787109375,"peakPeriod":10.024370193481445,"waveDirection":40.0,"windSpeed":11.754301071166992,"windDirection":39.268829345703125,"swellHeight":0.9170824885368347,"windSeaHeight":2.6914029121398926,"seaLevelPressure":1012.1000366210938,"windSeaHeight_w":2.6914029121398926,"windSeaPeriod_w":8.460102081298828,"windSeaDir_w":40.0,"swell1Height":0.7624122500419617,"swell1Period":10.811388969421387,"swell1Direction":50.0,"swell2Height":0.19083179533481598,"swell2Period":12.332501411437988,"swell2Direction":60.0}},{"type":"Feature","geometry":{"type":"Point","coordinates":[131.8,10.600000000000001]},"properties":{"model":"MRI3","waveHeight":2.87484073638916,"wavePeriod":8.670843124389648,"peakPeriod":10.024370193481445,"waveDirection":40.0,"windSpeed":11.547224998474121,"windDirection":40.504425048828125,"swellHeight":1.0722644329071045,"windSeaHeight":2.6673879623413086,"seaLevelPressure":1011.9000244140625,"windSeaHeight_w":2.6673879623413086,"windSeaPeriod_w":8.424673080444336,"windSeaDir_w":40.0,"swell1Height":0.8373529314994812,"swell1Period":11.11961841583252,"swell1Direction":40.0,"swell2Height":0.288655161857605,"swell2Period":12.332864761352539,"swell2Direction":20.0}},{"type":"Feature","geometry":{"type":"Point","coordinates":[132.6,10.600000000000001]},"properties":{"model":"MRI3","waveHeight":2.8387837409973145,"wavePeriod":8.749324798583984,"peakPeriod":10.024370193481445,"waveDirection":40.0,"windSpeed":11.056302070617676,"windDirection":41.11280822753906,"swellHeight":1.4239284992218018,"windSeaHeight":2.455834150314331,"seaLevelPressure":1011.7999877929688,"windSeaHeight_w":2.455834150314331,"windSeaPeriod_w":8.1950101852417,"windSeaDir_w":40.0,"swell1Height":1.3587738275527954,"swell1Period":10.823962211608887,"swell1Direction":30.0,"swell2Height":0.2792692482471466,"swell2Period":5.949728965759277,"swell2Direction":110.0}},{"type":"Feature","geometry":{"type":"Point","coordinates":[133.4,10.600000000000001]},"properties":{"model":"MRI3","waveHeight":2.764261245727539,"wavePeriod":8.75705337524414,"peakPeriod":10.024370193481445,"waveDirection":40.0,"windSpeed":10.948771476745605,"windDirection":41.816070556640625,"swellHeight":1.4438345432281494,"windSeaHeight":2.3572192192077637,"seaLevelPressure":1011.7000122070312,"windSeaHeight_w":2.3572192192077637,"windSeaPeriod_w":8.135777473449707,"windSeaDir_w":40.0,"swell1Height":1.405279517173767,"swell1Period":10.663002967834473,"swell1Direction":30.0,"swell2Height":0.24416084587574005,"swell2Period":5.80427360534668,"swell2Direction":110.0}},{"type":"Feature","geometry":{"type":"Point","coordinates":[134.2,10.600000000000001]},"properties":{"model":"MRI3","waveHeight":2.6449012756347656,"wavePeriod":8.669425010681152,"peakPeriod":9.192388534545898,"waveDirection":30.0,"windSpeed":11.079137802124023,"windDirection":40.05718994140625,"swellHeight":1.4435406923294067,"windSeaHeight":2.216233968734741,"seaLevelPressure":1011.5,"windSeaHeight_w":2.216233968734741,"windSeaPeriod_w":7.950334072113037,"windSeaDir_w":40.0,"swell1Height":1.413673758506775,"swell1Period":10.552115440368652,"swell1Direction":20.0,"swell2Height":0.20599454641342163,"swell2Period":5.67102575302124,"swell2Direction":110.0}},{"type":"Feature","geometry":{"type":"Point","coordinates":[115.8,11.4]},"properties":{"model":"MRI3","waveHeight":2.254751682281494,"wavePeriod":8.965763092041016,"peakPeriod":9.192388534545898,"waveDirection":10.0,"windSpeed":7.94512414932251,"windDirection":28.984573364257812,"swellHeight":1.9973446130752563,"windSeaHeight":1.0461928844451904,"seaLevelPressure":1014.4000244140625,"windSeaHeight_w":1.0461928844451904,"windSeaPeriod_w":6.162394046783447,"windSeaDir_w":30.0,"swell1Height":1.9786512851715088,"swell1Period":9.802733421325684,"swell1Direction":0.0,"swell2Height":0.22163768112659454,"swell2Period":6.132896900177002,"swell2Direction":280.0}},{"type":"Feature","geometry":{"type":"Point","coordinates":[116.6,11.4]},"properties":{"model":"MRI3","waveHeight":2.0089523792266846,"wavePeriod":8.936821937561035,"peakPeriod":9.192388534545898,"waveDirection":0.0,"windSpeed":6.269992351531982,"windDirection":30.901077270507812,"swellHeight":1.9088600873947144,"windSeaHeight":0.626213014125824,"seaLevelPressure":1014.2999877929688,"windSeaHeight_w":0.626213014125824,"windSeaPeriod_w":5.063625812530518,"windSeaDir_w":30.0,"swell1Height":1.8916057348251343,"swell1Period":9.423495292663574,"swell1Direction":0.0,"swell2Height":0.1851256638765335,"swell2Period":5.003349304199219,"swell2Direction":80.0}},{"type":"Feature","geometry":{"type":"Point","coordinates":[117.39999999999999,11.4]},"properties":{"model":"MRI3","waveHeight":1.8016153573989868,"wavePeriod":8.92316722869873,"peakPeriod":9.192388534545898,"waveDirection":0.0,"windSpeed":5.932048320770264,"windDirection":36.638092041015625,"swellHeight":1.7256205081939697,"windSeaHeight":0.5177373290061951,"seaLevelPressure":1014.2000122070312,"windSeaHeight_w":0.5177373290061951,"windSeaPeriod_w":4.718327522277832,"windSeaDir_w":40.0,"swell1Height":1.7115267515182495,"swell1Period":9.3615140914917,"swell1Direction":0.0,"swell2Height":0.1545124053955078,"swell2Period":5.826574802398682,"swell2Direction":280.0}},{"type":"Feature","geometry":{"type":"Point","coordinates":[118.2,11.4]},"properties":{"model":"MRI3","waveHeight":1.568116545677185,"wavePeriod":8.96435260772705,"peakPeriod":9.192388534545898,"waveDirection":350.0,"windSpeed":4.904528617858887,"windDirection":37.7110595703125,"swellHeight":1.533263921737671,"windSeaHeight":0.3287719488143921,"seaLevelPressure":1014.1000366210938,"windSeaHeight_w":0.3287719488143921,"windSeaPeriod_w":4.345627784729004,"windSeaDir_w":40.0,"swell1Height":1.5164165496826172,"swell1Period":9.26469898223877,"swell1Direction":350.0,"swell2Height":0.17222507297992706,"swell2Period":5.100920677185059,"swell2Direction":60.0}},{"type":"Feature","geometry":{"type":"Point","coordinates":[119.0,11.4]},"properties":{"model":"MRI3","waveHeight":1.3070348501205444,"wavePeriod":9.027569770812988,"peakPeriod":9.192388534545898,"waveDirection":340.0,"windSpeed":3.4838197231292725,"windDirection":41.97499084472656,"swellHeight":1.3061658143997192,"windSeaHeight":0.047653358429670334,"seaLevelPressure":1013.9000244140625,"windSeaHeight_w":0.047653358429670334,"windSeaPeriod_w":3.6635894775390625,"windSeaDir_w":40.0,"swell1Height":1.2875244617462158,"swell1Period":9.149308204650879,"swell1Direction":340.0,"swell2Height":0.1822630614042282,"swell2Period":4.673676490783691,"swell2Direction":50.0}},{"type":"Feature","geometry":{"type":"Point","coordinates":[120.6,11.4]},"properties":{"model":"MRI3","waveHeight":0.7586851716041565,"wavePeriod":5.491056442260742,"peakPeriod":4.596194267272949,"waveDirection":30.0,"windSpeed":9.108786582946777,"windDirection":50.61323547363281,"swellHeight":0.35375604033470154,"windSeaHeight":0.671163022518158,"seaLevelPressure":1013.6000366210938,"windSeaHeight_w":0.671163022518158,"windSeaPeriod_w":4.614509582519531,"windSeaDir_w":60.0,"swell1Height":0.34160086512565613,"swell1Period":8.931910514831543,"swell1Direction":330.0,"swell2Height":0.08830826729536057,"swell2Period":4.570406913757324,"swell2Direction":120.0}},{"type":"Feature","geometry":{"type":"Point","coordinates":[121.39999999999999,11.4]},"properties":{"model":"MRI3","waveHeight":0.7621999979019165,"wavePeriod":5.293766498565674,"peakPeriod":4.596194267272949,"waveDirection":20.0,"windSpeed":8.896920204162598,"windDirection":37.694244384765625,"swellHeight":0.31839239597320557,"windSeaHeight":0.692513644695282,"seaLevelPressure":1013.5,"windSeaHeight_w":0.692513644695282,"windSeaPeriod_w":4.623356342315674,"windSeaDir_w":40.0,"swell1Height":0.3129623234272003,"swell1Period":8.588974952697754,"swell1Direction":320.0,"swell2Height":0.052527088671922684,"swell2Period":4.482290267944336,"swell2Direction":110.0}},{"type":"Feature","geometry":{"type":"Point","coordinates":[123.8,11.4]},"properties":{"model":"MRI3","waveHeight":0.33233165740966797,"wavePeriod":4.238805294036865,"peakPeriod":3.8649232387542725,"waveDirection":40.0,"windSpeed":5.165675163269043,"windDirection":47.19657897949219,"swellHeight":0.16898144781589508,"windSeaHeight":0.2861635982990265,"seaLevelPressure":1013.7000122070312,"windSeaHeight_w":0.2861635982990265,"windSeaPeriod_w":4.171086311340332,"windSeaDir_w":50.0,"swell1Height":0.15678586065769196,"swell1Period":4.51613712310791,"swell1Direction":20.0,"swell2Height":0.018330704420804977,"swell2Period":4.10676908493042,"swell2Direction":110.0}},{"type":"Feature","geometry":{"type":"Point","coordinates":[124.6,11.4]},"properties":{"model":"MRI3","waveHeight":0.026054348796606064,"wavePeriod":2.0,"peakPeriod":1.0,"waveDirection":null,"windSpeed":1.8974719047546387,"windDirection":57.48249053955078,"swellHeight":0.026054348796606064,"windSeaHeight":0.0,"seaLevelPressure":1013.7000122070312,"windSeaHeight_w":0.0,"windSeaPeriod_w":2.0,"windSeaDir_w":null,"swell1Height":0.012159880250692368,"swell1Period":3.881809711456299,"swell1Direction":40.0,"swell2Height":0.00870351679623127,"swell2Period":2.0,"swell2Direction":null}},{"type":"Feature","geometry":{"type":"Point","coordinates":[126.2,11.4]},"properties":{"model":"MRI3","waveHeight":1.9199211597442627,"wavePeriod":8.662477493286133,"peakPeriod":10.024370193481445,"waveDirection":60.0,"windSpeed":7.223219394683838,"windDirection":67.0201416015625,"swellHeight":1.6838963031768799,"windSeaHeight":0.9222747087478638,"seaLevelPressure":1013.4000244140625,"windSeaHeight_w":0.9222747087478638,"windSeaPeriod_w":5.614026069641113,"windSeaDir_w":70.0,"swell1Height":1.6724640130996704,"swell1Period":9.627866744995117,"swell1Direction":60.0,"swell2Height":0.15187692642211914,"swell2Period":5.108607769012451,"swell2Direction":130.0}},{"type":"Feature","geometry":{"type":"Point","coordinates":[127.0,11.4]},"properties":{"model":"MRI3","waveHeight":2.0326054096221924,"wavePeriod":8.609369277954102,"peakPeriod":10.024370193481445,"waveDirection":60.0,"windSpeed":8.51070499420166,"windDirection":63.856468200683594,"swellHeight":1.6001520156860352,"windSeaHeight":1.2533948421478271,"seaLevelPressure":1013.2000122070312,"windSeaHeight_w":1.2533948421478271,"windSeaPeriod_w":6.460309028625488,"windSeaDir_w":60.0,"swell1Height":1.571946144104004,"swell1Period":10.06334400177002,"swell1Direction":60.0,"swell2Height":0.25228410959243774,"swell2Period":5.853332042694092,"swell2Direction":120.0}},{"type":"Feature","geometry":{"type":"Point","coordinates":[127.8,11.4]},"properties":{"model":"MRI3","waveHeight":2.166999578475952,"wavePeriod":8.558786392211914,"peakPeriod":10.024370193481445,"waveDirection":60.0,"windSpeed":8.490606307983398,"windDirection":62.046600341796875,"swellHeight":1.7007660865783691,"windSeaHeight":1.3428634405136108,"seaLevelPressure":1013.2000122070312,"windSeaHeight_w":1.3428634405136108,"windSeaPeriod_w":6.471182823181152,"windSeaDir_w":60.0,"swell1Height":1.6685866117477417,"swell1Period":10.00480842590332,"swell1Direction":50.0,"swell2Height":0.2675958275794983,"swell2Period":5.807559013366699,"swell2Direction":130.0}},{"type":"Feature","geometry":{"type":"Point","coordinates":[128.6,11.4]},"properties":{"model":"MRI3","waveHeight":2.3231735229492188,"wavePeriod":8.531172752380371,"peakPeriod":10.024370193481445,"waveDirection":50.0,"windSpeed":9.872031211853027,"windDirection":58.41911315917969,"swellHeight":1.4111948013305664,"windSeaHeight":1.8454443216323853,"seaLevelPressure":1013.1000366210938,"windSeaHeight_w":1.8454443216323853,"windSeaPeriod_w":7.492876052856445,"windSeaDir_w":60.0,"swell1Height":1.371252417564392,"swell1Period":10.546298027038574,"swell1Direction":50.0,"swell2Height":0.2485693395137787,"swell2Period":5.888004302978516,"swell2Direction":130.0}},{"type":"Feature","geometry":{"type":"Point","coordinates":[129.4,11.4]},"properties":{"model":"MRI3","waveHeight":2.5264341831207275,"wavePeriod":8.494771003723145,"peakPeriod":10.024370193481445,"waveDirection":50.0,"windSpeed":10.652628898620605,"windDirection":51.44099426269531,"swellHeight":1.1325151920318604,"windSeaHeight":2.2583796977996826,"seaLevelPressure":1013.0,"windSeaHeight_w":2.2583796977996826,"windSeaPeriod_w":8.056498527526855,"windSeaDir_w":50.0,"swell1Height":1.069071888923645,"swell1Period":10.746190071105957,"swell1Direction":50.0,"swell2Height":0.2767219543457031,"swell2Period":5.528366565704346,"swell2Direction":130.0}},{"type":"Feature","geometry":{"type":"Point","coordinates":[130.2,11.4]},"properties":{"model":"MRI3","waveHeight":2.691383123397827,"wavePeriod":8.544563293457031,"peakPeriod":10.024370193481445,"waveDirection":50.0,"windSpeed":11.34196662902832,"windDirection":47.858856201171875,"swellHeight":1.0853056907653809,"windSeaHeight":2.462855100631714,"seaLevelPressure":1012.7999877929688,"windSeaHeight_w":2.462855100631714,"windSeaPeriod_w":8.236486434936523,"windSeaDir_w":50.0,"swell1Height":0.8298347592353821,"swell1Period":10.792421340942383,"swell1Direction":40.0,"swell2Height":0.30629026889801025,"swell2Period":12.33289623260498,"swell2Direction":50.0}},{"type":"Feature","geometry":{"type":"Point","coordinates":[131.0,11.4]},"properties":{"model":"MRI3","waveHeight":2.838434934616089,"wavePeriod":8.59681510925293,"peakPeriod":10.024370193481445,"waveDirection":50.0,"windSpeed":11.72452163696289,"windDirection":44.37799072265625,"swellHeight":0.916059672832489,"windSeaHeight":2.686549425125122,"seaLevelPressure":1012.7000122070312,"windSeaHeight_w":2.686549425125122,"windSeaPeriod_w":8.47603702545166,"windSeaDir_w":40.0,"swell1Height":0.7825611233711243,"swell1Period":10.941866874694824,"swell1Direction":60.0,"swell2Height":0.3372042179107666,"swell2Period":5.627064228057861,"swell2Direction":120.0}},{"type":"Feature","geometry":{"type":"Point","coordinates":[131.8,11.4]},"properties":{"model":"MRI3","waveHeight":2.95639705657959,"wavePeriod":8.653141021728516,"peakPeriod":10.024370193481445,"waveDirection":40.0,"windSpeed":12.31399917602539,"windDirection":36.87921142578125,"swellHeight":0.8548218011856079,"windSeaHeight":2.8301172256469727,"seaLevelPressure":1012.4000244140625,"windSeaHeight_w":2.8301172256469727,"windSeaPeriod_w":8.600590705871582,"windSeaDir_w":40.0,"swell1Height":0.7099131345748901,"swell1Period":9.778406143188477,"swell1Direction":30.0,"swell2Height":0.34081193804740906,"swell2Period":10.17105484008789,"swell2Direction":70.0}},{"type":"Feature","geometry":{"type":"Point","coordinates":[132.6,11.4]},"properties":{"model":"MRI3","waveHeight":3.04131817817688,"wavePeriod":8.68964672088623,"peakPeriod":10.024370193481445,"waveDirection":40.0,"windSpeed":12.39130687713623,"windDirection":36.03758239746094,"swellHeight":0.9049660563468933,"windSeaHeight":2.9035584926605225,"seaLevelPressure":1012.2000122070312,"windSeaHeight_w":2.9035584926605225,"windSeaPeriod_w":8.631063461303711,"windSeaDir_w":40.0,"swell1Height":0.7500936985015869,"swell1Period":10.640985488891602,"swell1Direction":40.0,"swell2Height":0.3963356912136078,"swell2Period":6.7626423835754395,"swell2Direction":330.0}},{"type":"Feature","geometry":{"type":"Point","coordinates":[133.4,11.4]},"properties":{"model":"MRI3","waveHeight":3.0270657539367676,"wavePeriod":8.676547050476074,"peakPeriod":10.024370193481445,"waveDirection":40.0,"windSpeed":12.174013137817383,"windDirection":36.785186767578125,"swellHeight":0.9372608661651611,"windSeaHeight":2.878310203552246,"seaLevelPressure":1012.0,"windSeaHeight_w":2.878310203552246,"windSeaPeriod_w":8.599554061889648,"windSeaDir_w":40.0,"swell1Height":0.8362250924110413,"swell1Period":10.270679473876953,"swell1Direction":20.0,"swell2Height":0.2607344686985016,"swell2Period":5.8722825050354,"swell2Direction":110.0}},{"type":"Feature","geometry":{"type":"Point","coordinates":[134.2,11.4]},"properties":{"model":"MRI3","waveHeight":2.8629088401794434,"wavePeriod":8.615574836730957,"peakPeriod":9.192388534545898,"waveDirection":30.0,"windSpeed":11.53209400177002,"windDirection":39.016754150390625,"swellHeight":1.239869236946106,"windSeaHeight":2.580498218536377,"seaLevelPressure":1011.9000244140625,"windSeaHeight_w":2.580498218536377,"windSeaPeriod_w":8.269625663757324,"windSeaDir_w":40.0,"swell1Height":1.2002705335617065,"swell1Period":10.406244277954102,"swell1Direction":20.0,"swell2Height":0.17118267714977264,"swell2Period":5.826963901519775,"swell2Direction":110.0}},{"type":"Feature","geometry":{"type":"Point","coordinates":[115.8,12.2]},"properties":{"model":"MRI3","waveHeight":2.644524097442627,"wavePeriod":8.359990119934082,"peakPeriod":9.192388534545898,"waveDirection":10.0,"windSpeed":9.113445281982422,"windDirection":19.886428833007812,"swellHeight":1.9215803146362305,"windSeaHeight":1.816875696182251,"seaLevelPressure":1014.7000122070312,"windSeaHeight_w":1.816875696182251,"windSeaPeriod_w":6.778825759887695,"windSeaDir_w":20.0,"swell1Height":1.8809950351715088,"swell1Period":9.955574035644531,"swell1Direction":10.0,"swell2Height":0.2991637587547302,"swell2Period":5.625990390777588,"swell2Direction":280.0}},{"type":"Feature","geometry":{"type":"Point","coordinates":[116.6,12.2]},"properties":{"model":"MRI3","waveHeight":2.2531700134277344,"wavePeriod":8.735307693481445,"peakPeriod":9.192388534545898,"waveDirection":10.0,"windSpeed":7.7216901779174805,"windDirection":19.913375854492188,"swellHeight":1.9824799299240112,"windSeaHeight":1.0707699060440063,"seaLevelPressure":1014.5,"windSeaHeight_w":1.0707699060440063,"windSeaPeriod_w":6.041245460510254,"windSeaDir_w":20.0,"swell1Height":1.9644832611083984,"swell1Period":9.591500282287598,"swell1Direction":0.0,"swell2Height":0.16589191555976868,"swell2Period":5.415606498718262,"swell2Direction":70.0}},{"type":"Feature","geometry":{"type":"Point","coordinates":[117.39999999999999,12.2]},"properties":{"model":"MRI3","waveHeight":1.9497984647750854,"wavePeriod":8.827598571777344,"peakPeriod":9.192388534545898,"waveDirection":0.0,"windSpeed":6.254734039306641,"windDirection":28.244918823242188,"swellHeight":1.8554728031158447,"windSeaHeight":0.5991115570068359,"seaLevelPressure":1014.4000244140625,"windSeaHeight_w":0.5991115570068359,"windSeaPeriod_w":5.028319835662842,"windSeaDir_w":30.0,"swell1Height":1.8433221578598022,"swell1Period":9.27706527709961,"swell1Direction":0.0,"swell2Height":0.15803417563438416,"swell2Period":4.839786052703857,"swell2Direction":80.0}},{"type":"Feature","geometry":{"type":"Point","coordinates":[118.2,12.2]},"properties":{"model":"MRI3","waveHeight":1.6983181238174438,"wavePeriod":8.75239086151123,"peakPeriod":9.192388534545898,"waveDirection":350.0,"windSpeed":5.359636306762695,"windDirection":39.92877197265625,"swellHeight":1.6354224681854248,"windSeaHeight":0.4579060673713684,"seaLevelPressure":1014.2999877929688,"windSeaHeight_w":0.4579060673713684,"windSeaPeriod_w":4.511845111846924,"windSeaDir_w":40.0,"swell1Height":1.6224663257598877,"swell1Period":9.14664363861084,"swell1Direction":350.0,"swell2Height":0.1553962528705597,"swell2Period":4.916431427001953,"swell2Direction":80.0}},{"type":"Feature","geometry":{"type":"Point","coordinates":[119.0,12.2]},"properties":{"model":"MRI3","waveHeight":1.4479620456695557,"wavePeriod":8.704859733581543,"peakPeriod":9.192388534545898,"waveDirection":350.0,"windSpeed":4.038143157958984,"windDirection":37.352325439453125,"swellHeight":1.4374202489852905,"windSeaHeight":0.17440488934516907,"seaLevelPressure":1014.1000366210938,"windSeaHeight_w":0.17440488934516907,"windSeaPeriod_w":3.8366222381591797,"windSeaDir_w":40.0,"swell1Height":1.412170648574829,"swell1Period":8.912864685058594,"swell1Direction":350.0,"swell2Height":0.23163004219532013,"swell2Period":4.810193061828613,"swell2Direction":50.0}},{"type":"Feature","geometry":{"type":"Point","coordinates":[119.8,12.2]},"properties":{"model":"MRI3","waveHeight":0.8545606732368469,"wavePeriod":9.004523277282715,"peakPeriod":9.192388534545898,"waveDirection":330.0,"windSpeed":1.013558030128479,"windDirection":300.8668212890625,"swellHeight":0.8545606732368469,"windSeaHeight":0.0,"seaLevelPressure":1013.9000244140625,"windSeaHeight_w":0.0,"windSeaPeriod_w":2.0,"windSeaDir_w":null,"swell1Height":0.8436633944511414,"swell1Period":9.116186141967773,"swell1Direction":330.0,"swell2Height":0.12176108360290527,"swell2Period":4.563200950622559,"swell2Direction":20.0}},{"type":"Feature","geometry":{"type":"Point","coordinates":[120.6,12.2]},"properties":{"model":"MRI3","waveHeight":0.6293627619743347,"wavePeriod":8.574481964111328,"peakPeriod":9.192388534545898,"waveDirection":330.0,"windSpeed":1.5108275413513184,"windDirection":9.524673461914062,"swellHeight":0.6293627619743347,"windSeaHeight":0.0,"seaLevelPressure":1013.9000244140625,"windSeaHeight_w":0.0,"windSeaPeriod_w":2.0,"windSeaDir_w":null,"swell1Height":0.5916182994842529,"swell1Period":9.098592758178711,"swell1Direction":330.0,"swell2Height":0.20195066928863525,"swell2Period":4.547539234161377,"swell2Direction":90.0}},{"type":"Feature","geometry":{"type":"Point","coordinates":[121.39999999999999,12.2]},"properties":{"model":"MRI3","waveHeight":0.5600047707557678,"wavePeriod":5.073331832885742,"peakPeriod":3.8649232387542725,"waveDirection":20.0,"windSpeed":7.347985744476318,"windDirection":28.622909545898438,"swellHeight":0.25854364037513733,"windSeaHeight":0.4967499375343323,"seaLevelPressure":1014.0,"windSeaHeight_w":0.4967499375343323,"windSeaPeriod_w":4.431436538696289,"windSeaDir_w":40.0,"swell1Height":0.23034772276878357,"swell1Period":8.144003868103027,"swell1Direction":310.0,"swell2Height":0.11274536699056625,"swell2Period":4.532685279846191,"swell2Direction":100.0}},{"type":"Feature","geometry":{"type":"Point","coordinates":[122.2,12.2]},"properties":{"model":"MRI3","waveHeight":0.4376879036426544,"wavePeriod":4.7134599685668945,"peakPeriod":3.8649232387542725,"waveDirection":10.0,"windSpeed":4.506317615509033,"windDirection":24.517623901367188,"swellHeight":0.349159836769104,"windSeaHeight":0.26392823457717896,"seaLevelPressure":1014.2000122070312,"windSeaHeight_w":0.26392823457717896,"windSeaPeriod_w":4.180013179779053,"windSeaDir_w":20.0,"swell1Height":0.33617305755615234,"swell1Period":4.9950408935546875,"swell1Direction":0.0,"swell2Height":0.08189279586076736,"swell2Period":5.594141960144043,"swell2Direction":280.0}},{"type":"Feature","geometry":{"type":"Point","coordinates":[123.0,12.2]},"properties":{"model":"MRI3","waveHeight":0.19815613329410553,"wavePeriod":2.0,"peakPeriod":1.0,"waveDirection":null,"windSpeed":4.792326927185059,"windDirection":37.53944396972656,"swellHeight":0.15371747314929962,"windSeaHeight":0.12504713237285614,"seaLevelPressure":1014.2000122070312,"windSeaHeight_w":0.12504713237285614,"windSeaPeriod_w":4.006880760192871,"windSeaDir_w":30.0,"swell1Height":0.13913893699645996,"swell1Period":4.952901840209961,"swell1Direction":330.0,"swell2Height":0.04895436018705368,"swell2Period":6.500736713409424,"swell2Direction":270.0}},{"type":"Feature","geometry":{"type":"Point","coordinates":[126.2,12.2]},"properties":{"model":"MRI3","waveHeight":1.8837279081344604,"wavePeriod":8.618895530700684,"peakPeriod":10.024370193481445,"waveDirection":60.0,"windSpeed":7.430975437164307,"windDirection":77.32902526855469,"swellHeight":1.626227617263794,"windSeaHeight":0.9506916403770447,"seaLevelPressure":1013.7000122070312,"windSeaHeight_w":0.9506916403770447,"windSeaPeriod_w":5.789663791656494,"windSeaDir_w":80.0,"swell1Height":1.6145204305648804,"swell1Period":9.63652515411377,"swell1Direction":60.0,"swell2Height":0.15794463455677032,"swell2Period":5.888543605804443,"swell2Direction":130.0}},{"type":"Feature","geometry":{"type":"Point","coordinates":[127.0,12.2]},"properties":{"model":"MRI3","waveHeight":2.006483316421509,"wavePeriod":8.567371368408203,"peakPeriod":10.024370193481445,"waveDirection":60.0,"windSpeed":7.968249320983887,"windDirection":68.42559051513672,"swellHeight":1.649454951286316,"windSeaHeight":1.1424857378005981,"seaLevelPressure":1013.7000122070312,"windSeaHeight_w":1.1424857378005981,"windSeaPeriod_w":6.173483371734619,"windSeaDir_w":70.0,"swell1Height":1.6325879096984863,"swell1Period":9.794926643371582,"swell1Direction":60.0,"swell2Height":0.19403307139873505,"swell2Period":5.566675186157227,"swell2Direction":130.0}},{"type":"Feature","geometry":{"type":"Point","coordinates":[127.8,12.2]},"properties":{"model":"MRI3","waveHeight":2.157130718231201,"wavePeriod":8.524197578430176,"peakPeriod":10.024370193481445,"waveDirection":60.0,"windSpeed":8.813103675842285,"windDirection":68.15030670166016,"swellHeight":1.6415101289749146,"windSeaHeight":1.3995205163955688,"seaLevelPressure":1013.5,"windSeaHeight_w":1.3995205163955688,"windSeaPeriod_w":6.642263412475586,"windSeaDir_w":70.0,"swell1Height":1.6229618787765503,"swell1Period":9.981730461120605,"swell1Direction":50.0,"swell2Height":0.19165396690368652,"swell2Period":5.741721153259277,"swell2Direction":130.0}},{"type":"Feature","geometry":{"type":"Point","coordinates":[128.6,12.2]},"properties":{"model":"MRI3","waveHeight":2.3419158458709717,"wavePeriod":8.502982139587402,"peakPeriod":10.024370193481445,"waveDirection":60.0,"windSpeed":9.819418907165527,"windDirection":64.87030792236328,"swellHeight":1.4086922407150269,"windSeaHeight":1.8708704710006714,"seaLevelPressure":1013.5,"windSeaHeight_w":1.8708704710006714,"windSeaPeriod_w":7.50386905670166,"windSeaDir_w":60.0,"swell1Height":1.3664546012878418,"swell1Period":10.521695137023926,"swell1Direction":50.0,"swell2Height":0.29598912596702576,"swell2Period":6.056253433227539,"swell2Direction":130.0}},{"type":"Feature","geometry":{"type":"Point","coordinates":[129.4,12.2]},"properties":{"model":"MRI3","waveHeight":2.522953748703003,"wavePeriod":8.50662899017334,"peakPeriod":10.024370193481445,"waveDirection":50.0,"windSpeed":10.294974327087402,"windDirection":60.496734619140625,"swellHeight":1.4455769062042236,"windSeaHeight":2.0677530765533447,"seaLevelPressure":1013.4000244140625,"windSeaHeight_w":2.0677530765533447,"windSeaPeriod_w":7.63915491104126,"windSeaDir_w":60.0,"swell1Height":1.404037594795227,"swell1Period":10.52734375,"swell1Direction":40.0,"swell2Height":0.2893483340740204,"swell2Period":5.988307476043701,"swell2Direction":130.0}},{"type":"Feature","geometry":{"type":"Point","coordinates":[130.2,12.2]},"properties":{"model":"MRI3","waveHeight":2.6845953464508057,"wavePeriod":8.56892204284668,"peakPeriod":10.024370193481445,"waveDirection":50.0,"windSpeed":10.89493465423584,"windDirection":55.69732666015625,"swellHeight":1.4052749872207642,"windSeaHeight":2.287412166595459,"seaLevelPressure":1013.4000244140625,"windSeaHeight_w":2.287412166595459,"windSeaPeriod_w":7.958779335021973,"windSeaDir_w":60.0,"swell1Height":1.3685322999954224,"swell1Period":10.404375076293945,"swell1Direction":30.0,"swell2Height":0.2415188103914261,"swell2Period":5.998020172119141,"swell2Direction":130.0}},{"type":"Feature","geometry":{"type":"Point","coordinates":[131.0,12.2]},"properties":{"model":"MRI3","waveHeight":2.820284843444824,"wavePeriod":8.650532722473145,"peakPeriod":10.024370193481445,"waveDirection":50.0,"windSpeed":11.21115493774414,"windDirection":50.57395935058594,"swellHeight":1.184247374534607,"windSeaHeight":2.5596024990081787,"seaLevelPressure":1013.2999877929688,"windSeaHeight_w":2.5596024990081787,"windSeaPeriod_w":8.323507308959961,"windSeaDir_w":50.0,"swell1Height":0.8333698511123657,"swell1Period":10.673354148864746,"swell1Direction":40.0,"swell2Height":0.3236270546913147,"swell2Period":12.33292293548584,"swell2Direction":50.0}},{"type":"Feature","geometry":{"type":"Point","coordinates":[131.8,12.2]},"properties":{"model":"MRI3","waveHeight":2.940642833709717,"wavePeriod":8.724581718444824,"peakPeriod":10.024370193481445,"waveDirection":50.0,"windSpeed":11.384339332580566,"windDirection":47.84819030761719,"swellHeight":1.3103702068328857,"windSeaHeight":2.6325483322143555,"seaLevelPressure":1013.2000122070312,"windSeaHeight_w":2.6325483322143555,"windSeaPeriod_w":8.360941886901855,"windSeaDir_w":50.0,"swell1Height":1.2546555995941162,"swell1Period":10.570982933044434,"swell1Direction":30.0,"swell2Height":0.28464627265930176,"swell2Period":5.766053199768066,"swell2Direction":120.0}},{"type":"Feature","geometry":{"type":"Point","coordinates":[132.6,12.2]},"properties":{"model":"MRI3","waveHeight":3.0348963737487793,"wavePeriod":8.750025749206543,"peakPeriod":10.024370193481445,"waveDirection":40.0,"windSpeed":11.683877944946289,"windDirection":43.82096862792969,"swellHeight":1.056039810180664,"windSeaHeight":2.8452374935150146,"seaLevelPressure":1013.0,"windSeaHeight_w":2.8452374935150146,"windSeaPeriod_w":8.599588394165039,"windSeaDir_w":40.0,"swell1Height":0.8972721695899963,"swell1Period":10.930022239685059,"swell1Direction":40.0,"swell2Height":0.2006174921989441,"swell2Period":12.332563400268555,"swell2Direction":60.0}},{"type":"Feature","geometry":{"type":"Point","coordinates":[133.4,12.2]},"properties":{"model":"MRI3","waveHeight":3.0407845973968506,"wavePeriod":8.71560001373291,"peakPeriod":10.024370193481445,"waveDirection":40.0,"windSpeed":12.083251953125,"windDirection":36.04481506347656,"swellHeight":1.0926101207733154,"windSeaHeight":2.837705612182617,"seaLevelPressure":1012.6000366210938,"windSeaHeight_w":2.837705612182617,"windSeaPeriod_w":8.520709037780762,"windSeaDir_w":40.0,"swell1Height":1.0434614419937134,"swell1Period":10.45057201385498,"swell1Direction":30.0,"swell2Height":0.2457742989063263,"swell2Period":5.243947505950928,"swell2Direction":120.0}},{"type":"Feature","geometry":{"type":"Point","coordinates":[134.2,12.2]},"properties":{"model":"MRI3","waveHeight":2.897644519805908,"wavePeriod":8.620643615722656,"peakPeriod":9.192388534545898,"waveDirection":30.0,"windSpeed":12.12237548828125,"windDirection":35.73548889160156,"swellHeight":1.0354260206222534,"windSeaHeight":2.7063326835632324,"seaLevelPressure":1012.4000244140625,"windSeaHeight_w":2.7063326835632324,"windSeaPeriod_w":8.445157051086426,"windSeaDir_w":40.0,"swell1Height":0.9557448029518127,"swell1Period":9.885865211486816,"swell1Direction":10.0,"swell2Height":0.3059723973274231,"swell2Period":11.909061431884766,"swell2Direction":0.0}},{"type":"Feature","geometry":{"type":"Point","coordinates":[115.8,13.0]},"properties":{"model":"MRI3","waveHeight":2.789992332458496,"wavePeriod":8.164865493774414,"peakPeriod":9.192388534545898,"waveDirection":20.0,"windSpeed":9.208659172058105,"windDirection":18.159500122070312,"swellHeight":2.0000288486480713,"windSeaHeight":1.9452357292175293,"seaLevelPressure":1015.2000122070312,"windSeaHeight_w":1.9452357292175293,"windSeaPeriod_w":6.736644268035889,"windSeaDir_w":20.0,"swell1Height":1.91756010055542,"swell1Period":9.887177467346191,"swell1Direction":10.0,"swell2Height":0.4506992995738983,"swell2Period":5.057180881500244,"swell2Direction":90.0}},{"type":"Feature","geometry":{"type":"Point","coordinates":[116.6,13.0]},"properties":{"model":"MRI3","waveHeight":2.516592502593994,"wavePeriod":8.282928466796875,"peakPeriod":9.192388534545898,"waveDirection":10.0,"windSpeed":8.702011108398438,"windDirection":9.99273681640625,"swellHeight":1.9276162385940552,"windSeaHeight":1.6178791522979736,"seaLevelPressure":1014.9000244140625,"windSeaHeight_w":1.6178791522979736,"windSeaPeriod_w":6.469392776489258,"windSeaDir_w":10.0,"swell1Height":1.8881008625030518,"swell1Period":9.741666793823242,"swell1Direction":10.0,"swell2Height":0.28695839643478394,"swell2Period":5.034386157989502,"swell2Direction":80.0}},{"type":"Feature","geometry":{"type":"Point","coordinates":[117.39999999999999,13.0]},"properties":{"model":"MRI3","waveHeight":2.109065532684326,"wavePeriod":8.638785362243652,"peakPeriod":9.192388534545898,"waveDirection":0.0,"windSpeed":6.960783004760742,"windDirection":14.136062622070312,"swellHeight":1.920968770980835,"windSeaHeight":0.8706530332565308,"seaLevelPressure":1014.7000122070312,"windSeaHeight_w":0.8706530332565308,"windSeaPeriod_w":5.621704578399658,"windSeaDir_w":10.0,"swell1Height":1.8960407972335815,"swell1Period":9.35945987701416,"swell1Direction":0.0,"swell2Height":0.20784464478492737,"swell2Period":5.66109561920166,"swell2Direction":270.0}},{"type":"Feature","geometry":{"type":"Point","coordinates":[118.2,13.0]},"properties":{"model":"MRI3","waveHeight":1.7926515340805054,"wavePeriod":8.595443725585938,"peakPeriod":9.192388534545898,"waveDirection":0.0,"windSpeed":5.671340465545654,"windDirection":29.00555419921875,"swellHeight":1.7199206352233887,"windSeaHeight":0.5054425597190857,"seaLevelPressure":1014.5,"windSeaHeight_w":0.5054425597190857,"windSeaPeriod_w":4.630892276763916,"windSeaDir_w":30.0,"swell1Height":1.696424961090088,"swell1Period":9.045654296875,"swell1Direction":350.0,"swell2Height":0.24337194859981537,"swell2Period":4.89080286026001,"swell2Direction":80.0}},{"type":"Feature","geometry":{"type":"Point","coordinates":[119.0,13.0]},"properties":{"model":"MRI3","waveHeight":1.5996761322021484,"wavePeriod":8.061152458190918,"peakPeriod":9.192388534545898,"waveDirection":350.0,"windSpeed":8.56114387512207,"windDirection":46.98799133300781,"swellHeight":1.3979750871658325,"windSeaHeight":0.777579128742218,"seaLevelPressure":1014.2999877929688,"windSeaHeight_w":0.777579128742218,"windSeaPeriod_w":4.9430670738220215,"windSeaDir_w":40.0,"swell1Height":1.3918123245239258,"swell1Period":9.057004928588867,"swell1Direction":340.0,"swell2Height":0.10274996608495712,"swell2Period":5.243690013885498,"swell2Direction":280.0}},{"type":"Feature","geometry":{"type":"Point","coordinates":[119.8,13.0]},"properties":{"model":"MRI3","waveHeight":1.277213454246521,"wavePeriod":7.896425247192383,"peakPeriod":8.42945671081543,"waveDirection":340.0,"windSpeed":7.568632125854492,"windDirection":43.50102233886719,"swellHeight":1.1202753782272339,"windSeaHeight":0.6133982539176941,"seaLevelPressure":1014.0,"windSeaHeight_w":0.6133982539176941,"windSeaPeriod_w":4.63126802444458,"windSeaDir_w":40.0,"swell1Height":1.113666296005249,"swell1Period":8.920073509216309,"swell1Direction":330.0,"swell2Height":0.08581656962633133,"swell2Period":4.4392242431640625,"swell2Direction":110.0}},{"type":"Feature","geometry":{"type":"Point","coordinates":[120.6,13.0]},"properties":{"model":"MRI3","waveHeight":0.5933548212051392,"wavePeriod":8.503299713134766,"peakPeriod":8.42945671081543,"waveDirection":320.0,"windSpeed":1.8278402090072632,"windDirection":34.29866027832031,"swellHeight":0.5933548212051392,"windSeaHeight":0.0,"seaLevelPressure":1013.9000244140625,"windSeaHeight_w":0.0,"windSeaPeriod_w":2.0,"windSeaDir_w":null,"swell1Height":0.5911842584609985,"swell1Period":8.533029556274414,"swell1Direction":320.0,"swell2Height":0.015399901196360588,"swell2Period":4.363379955291748,"swell2Direction":120.0}},{"type":"Feature","geometry":{"type":"Point","coordinates":[122.2,13.0]},"properties":{"model":"MRI3","waveHeight":0.41125187277793884,"wavePeriod":4.416731357574463,"peakPeriod":3.8649232387542725,"waveDirection":10.0,"windSpeed":4.5651397705078125,"windDirection":14.979934692382812,"swellHeight":0.2879597246646881,"windSeaHeight":0.2936107814311981,"seaLevelPressure":1014.6000366210938,"windSeaHeight_w":0.2936107814311981,"windSeaPeriod_w":4.134891510009766,"windSeaDir_w":10.0,"swell1Height":0.2752913236618042,"swell1Period":4.665518283843994,"swell1Direction":20.0,"swell2Height":0.08007948100566864,"swell2Period":4.984817028045654,"swell2Direction":300.0}},{"type":"Feature","geometry":{"type":"Point","coordinates":[123.0,13.0]},"properties":{"model":"MRI3","waveHeight":0.10032389312982559,"wavePeriod":2.0,"peakPeriod":1.0,"waveDirection":null,"windSpeed":2.9928247928619385,"windDirection":25.10943603515625,"swellHeight":0.10032389312982559,"windSeaHeight":0.0,"seaLevelPressure":1014.5,"windSeaHeight_w":0.0,"windSeaPeriod_w":2.0,"windSeaDir_w":null,"swell1Height":0.07820084691047668,"swell1Period":4.75795316696167,"swell1Direction":310.0,"swell2Height":0.0308635625988245,"swell2Period":3.850290060043335,"swell2Direction":10.0}},{"type":"Feature","geometry":{"type":"Point","coordinates":[124.6,13.0]},"properties":{"model":"MRI3","waveHeight":1.5061314105987549,"wavePeriod":9.328646659851074,"peakPeriod":9.192388534545898,"waveDirection":60.0,"windSpeed":3.97236704826355,"windDirection":62.08024597167969,"swellHeight":1.5010721683502197,"windSeaHeight":0.12334670126438141,"seaLevelPressure":1014.4000244140625,"windSeaHeight_w":0.12334670126438141,"windSeaPeriod_w":3.8312900066375732,"windSeaDir_w":60.0,"swell1Height":1.389176368713379,"swell1Period":9.46517562866211,"swell1Direction":60.0,"swell2Height":0.5597196221351624,"swell2Period":8.850057601928711,"swell2Direction":60.0}},{"type":"Feature","geometry":{"type":"Point","coordinates":[125.4,13.0]},"properties":{"model":"MRI3","waveHeight":1.6479486227035522,"wavePeriod":9.079292297363281,"peakPeriod":9.192388534545898,"waveDirection":60.0,"windSpeed":4.468791484832764,"windDirection":72.41651916503906,"swellHeight":1.6346935033798218,"windSeaHeight":0.20859511196613312,"seaLevelPressure":1014.2000122070312,"windSeaHeight_w":0.20859511196613312,"windSeaPeriod_w":4.0859880447387695,"windSeaDir_w":70.0,"swell1Height":1.5143271684646606,"swell1Period":9.269362449645996,"swell1Direction":60.0,"swell2Height":0.6040565967559814,"swell2Period":8.591897010803223,"swell2Direction":70.0}},{"type":"Feature","geometry":{"type":"Point","coordinates":[126.2,13.0]},"properties":{"model":"MRI3","waveHeight":1.8695672750473022,"wavePeriod":8.649176597595215,"peakPeriod":9.192388534545898,"waveDirection":60.0,"windSpeed":6.666947841644287,"windDirection":81.28651428222656,"swellHeight":1.6980323791503906,"windSeaHeight":0.7822836637496948,"seaLevelPressure":1014.0,"windSeaHeight_w":0.7822836637496948,"windSeaPeriod_w":5.351093769073486,"windSeaDir_w":80.0,"swell1Height":1.6419636011123657,"swell1Period":9.446876525878906,"swell1Direction":60.0,"swell2Height":0.3605397641658783,"swell2Period":8.863149642944336,"swell2Direction":0.0}},{"type":"Feature","geometry":{"type":"Point","coordinates":[127.0,13.0]},"properties":{"model":"MRI3","waveHeight":2.030820608139038,"wavePeriod":8.53489875793457,"peakPeriod":9.192388534545898,"waveDirection":60.0,"windSpeed":8.253496170043945,"windDirection":76.0479507446289,"swellHeight":1.6144438982009888,"windSeaHeight":1.2319915294647217,"seaLevelPressure":1014.0,"windSeaHeight_w":1.2319915294647217,"windSeaPeriod_w":6.417349338531494,"windSeaDir_w":80.0,"swell1Height":1.5997724533081055,"swell1Period":9.832433700561523,"swell1Direction":50.0,"swell2Height":0.17367185652256012,"swell2Period":6.512540817260742,"swell2Direction":130.0}},{"type":"Feature","geometry":{"type":"Point","coordinates":[127.8,13.0]},"properties":{"model":"MRI3","waveHeight":2.1810250282287598,"wavePeriod":8.496585845947266,"peakPeriod":9.192388534545898,"waveDirection":60.0,"windSpeed":9.04787826538086,"windDirection":70.90421295166016,"swellHeight":1.5541023015975952,"windSeaHeight":1.530240535736084,"seaLevelPressure":1013.9000244140625,"windSeaHeight_w":1.530240535736084,"windSeaPeriod_w":6.926854610443115,"windSeaDir_w":70.0,"swell1Height":1.5295672416687012,"swell1Period":10.144619941711426,"swell1Direction":50.0,"swell2Height":0.23317454755306244,"swell2Period":5.839104652404785,"swell2Direction":140.0}},{"type":"Feature","geometry":{"type":"Point","coordinates":[128.6,13.0]},"properties":{"model":"MRI3","waveHeight":2.362304210662842,"wavePeriod":8.504045486450195,"peakPeriod":10.024370193481445,"waveDirection":60.0,"windSpeed":9.758728981018066,"windDirection":66.95560455322266,"swellHeight":1.5738428831100464,"windSeaHeight":1.7616751194000244,"seaLevelPressure":1013.9000244140625,"windSeaHeight_w":1.7616751194000244,"windSeaPeriod_w":7.194807052612305,"windSeaDir_w":70.0,"swell1Height":1.5432415008544922,"swell1Period":10.289867401123047,"swell1Direction":50.0,"swell2Height":0.24854986369609833,"swell2Period":6.619737148284912,"swell2Direction":130.0}},{"type":"Feature","geometry":{"type":"Point","coordinates":[129.4,13.0]},"properties":{"model":"MRI3","waveHeight":2.5502161979675293,"wavePeriod":8.502298355102539,"peakPeriod":10.024370193481445,"waveDirection":50.0,"windSpeed":10.281580924987793,"windDirection":63.73401641845703,"swellHeight":1.4646992683410645,"windSeaHeight":2.087644338607788,"seaLevelPressure":1013.9000244140625,"windSeaHeight_w":2.087644338607788,"windSeaPeriod_w":7.645144462585449,"windSeaDir_w":60.0,"swell1Height":1.4160254001617432,"swell1Period":10.523702621459961,"swell1Direction":40.0,"swell2Height":0.33500024676322937,"swell2Period":6.027379512786865,"swell2Direction":130.0}},{"type":"Feature","geometry":{"type":"Point","coordinates":[130.2,13.0]},"properties":{"model":"MRI3","waveHeight":2.680820941925049,"wavePeriod":8.5883150100708,"peakPeriod":10.024370193481445,"waveDirection":50.0,"windSpeed":10.847345352172852,"windDirection":59.22648620605469,"swellHeight":1.39280366897583,"windSeaHeight":2.2906110286712646,"seaLevelPressure":1013.9000244140625,"windSeaHeight_w":2.2906110286712646,"windSeaPeriod_w":7.996826648712158,"windSeaDir_w":60.0,"swell1Height":1.3506494760513306,"swell1Period":10.438706398010254,"swell1Direction":30.0,"swell2Height":0.2851896286010742,"swell2Period":5.985564708709717,"swell2Direction":130.0}},{"type":"Feature","geometry":{"type":"Point","coordinates":[131.0,13.0]},"properties":{"model":"MRI3","waveHeight":2.8167712688446045,"wavePeriod":8.674880027770996,"peakPeriod":10.024370193481445,"waveDirection":50.0,"windSpeed":10.898058891296387,"windDirection":53.31938171386719,"swellHeight":1.356384038925171,"windSeaHeight":2.468688488006592,"seaLevelPressure":1013.9000244140625,"windSeaHeight_w":2.468688488006592,"windSeaPeriod_w":8.18410587310791,"windSeaDir_w":50.0,"swell1Height":1.30624520778656,"swell1Period":10.643269538879395,"swell1Direction":40.0,"swell2Height":0.30237671732902527,"swell2Period":5.498856067657471,"swell2Direction":130.0}},{"type":"Feature","geometry":{"type":"Point","coordinates":[131.8,13.0]},"properties":{"model":"MRI3","waveHeight":2.924466609954834,"wavePeriod":8.73554801940918,"peakPeriod":10.024370193481445,"waveDirection":50.0,"windSpeed":11.328146934509277,"windDirection":49.54682922363281,"swellHeight":1.2857544422149658,"windSeaHeight":2.626659631729126,"seaLevelPressure":1013.7999877929688,"windSeaHeight_w":2.626659631729126,"windSeaPeriod_w":8.388710021972656,"windSeaDir_w":50.0,"swell1Height":1.2251211404800415,"swell1Period":10.59777545928955,"swell1Direction":30.0,"swell2Height":0.31253740191459656,"swell2Period":5.803727626800537,"swell2Direction":120.0}},{"type":"Feature","geometry":{"type":"Point","coordinates":[132.6,13.0]},"properties":{"model":"MRI3","waveHeight":3.0355448722839355,"wavePeriod":8.7379150390625,"peakPeriod":10.024370193481445,"waveDirection":40.0,"windSpeed":11.703746795654297,"windDirection":45.79621887207031,"swellHeight":1.24294114112854,"windSeaHeight":2.769409656524658,"seaLevelPressure":1013.7000122070312,"windSeaHeight_w":2.769409656524658,"windSeaPeriod_w":8.516754150390625,"windSeaDir_w":50.0,"swell1Height":1.1857826709747314,"swell1Period":10.214998245239258,"swell1Direction":20.0,"swell2Height":0.22931602597236633,"swell2Period":5.7389092445373535,"swell2Direction":120.0}},{"type":"Feature","geometry":{"type":"Point","coordinates":[133.4,13.0]},"properties":{"model":"MRI3","waveHeight":3.051729679107666,"wavePeriod":8.695731163024902,"peakPeriod":9.192388534545898,"waveDirection":40.0,"windSpeed":11.692428588867188,"windDirection":43.5098876953125,"swellHeight":1.0813795328140259,"windSeaHeight":2.8537120819091797,"seaLevelPressure":1013.5,"windSeaHeight_w":2.8537120819091797,"windSeaPeriod_w":8.550379753112793,"windSeaDir_w":40.0,"swell1Height":1.019637942314148,"swell1Period":10.222437858581543,"swell1Direction":30.0,"swell2Height":0.2894027531147003,"swell2Period":5.28407621383667,"swell2Direction":120.0}},{"type":"Feature","geometry":{"type":"Point","coordinates":[134.2,13.0]},"properties":{"model":"MRI3","waveHeight":2.9543704986572266,"wavePeriod":8.564338684082031,"peakPeriod":9.192388534545898,"waveDirection":40.0,"windSpeed":11.835962295532227,"windDirection":39.44609069824219,"swellHeight":1.11270010471344,"windSeaHeight":2.736823797225952,"seaLevelPressure":1013.2000122070312,"windSeaHeight_w":2.736823797225952,"windSeaPeriod_w":8.369086265563965,"windSeaDir_w":40.0,"swell1Height":1.0628725290298462,"swell1Period":10.139326095581055,"swell1Direction":20.0,"swell2Height":0.24645835161209106,"swell2Period":5.235290050506592,"swell2Direction":120.0}},{"type":"Feature","geometry":{"type":"Point","coordinates":[115.8,13.8]},"properties":{"model":"MRI3","waveHeight":2.8512675762176514,"wavePeriod":8.1422758102417,"peakPeriod":9.192388534545898,"waveDirection":20.0,"windSpeed":8.905694961547852,"windDirection":20.71417236328125,"swellHeight":2.1240501403808594,"windSeaHeight":1.9021403789520264,"seaLevelPressure":1015.7999877929688,"windSeaHeight_w":1.9021403789520264,"windSeaPeriod_w":6.577364921569824,"windSeaDir_w":20.0,"swell1Height":2.0408942699432373,"swell1Period":9.750380516052246,"swell1Direction":20.0,"swell2Height":0.4887750446796417,"swell2Period":5.005436420440674,"swell2Direction":100.0}},{"type":"Feature","geometry":{"type":"Point","coordinates":[116.6,13.8]},"properties":{"model":"MRI3","waveHeight":2.6818645000457764,"wavePeriod":8.108503341674805,"peakPeriod":9.192388534545898,"waveDirection":20.0,"windSpeed":8.473470687866211,"windDirection":12.88818359375,"swellHeight":2.10774564743042,"windSeaHeight":1.6582536697387695,"seaLevelPressure":1015.4000244140625,"windSeaHeight_w":1.6582536697387695,"windSeaPeriod_w":6.239185810089111,"windSeaDir_w":10.0,"swell1Height":2.038844108581543,"swell1Period":9.546500205993652,"swell1Direction":20.0,"swell2Height":0.4140111804008484,"swell2Period":4.8813276290893555,"swell2Direction":90.0}},{"type":"Feature","geometry":{"type":"Point","coordinates":[117.39999999999999,13.8]},"properties":{"model":"MRI3","waveHeight":2.3131465911865234,"wavePeriod":8.352185249328613,"peakPeriod":9.192388534545898,"waveDirection":10.0,"windSpeed":7.609533309936523,"windDirection":7.171722412109375,"swellHeight":1.9795085191726685,"windSeaHeight":1.1967425346374512,"seaLevelPressure":1015.0,"windSeaHeight_w":1.1967425346374512,"windSeaPeriod_w":5.982909202575684,"windSeaDir_w":10.0,"swell1Height":1.950960397720337,"swell1Period":9.333405494689941,"swell1Direction":0.0,"swell2Height":0.24542655050754547,"swell2Period":5.311166286468506,"swell2Direction":270.0}},{"type":"Feature","geometry":{"type":"Point","coordinates":[118.2,13.8]},"properties":{"model":"MRI3","waveHeight":1.880629301071167,"wavePeriod":8.52753734588623,"peakPeriod":9.192388534545898,"waveDirection":0.0,"windSpeed":5.546350002288818,"windDirection":31.282669067382812,"swellHeight":1.8282721042633057,"windSeaHeight":0.4406673312187195,"seaLevelPressure":1014.9000244140625,"windSeaHeight_w":0.4406673312187195,"windSeaPeriod_w":4.57877779006958,"windSeaDir_w":30.0,"swell1Height":1.7982338666915894,"swell1Period":8.875072479248047,"swell1Direction":0.0,"swell2Height":0.22656331956386566,"swell2Period":5.514379978179932,"swell2Direction":270.0}},{"type":"Feature","geometry":{"type":"Point","coordinates":[119.0,13.8]},"properties":{"model":"MRI3","waveHeight":1.612470030784607,"wavePeriod":8.017524719238281,"peakPeriod":8.42945671081543,"waveDirection":350.0,"windSpeed":7.769130706787109,"windDirection":58.5809326171875,"swellHeight":1.4534708261489868,"windSeaHeight":0.6981989741325378,"seaLevelPressure":1014.7000122070312,"windSeaHeight_w":0.6981989741325378,"windSeaPeriod_w":4.772408962249756,"windSeaDir_w":60.0,"swell1Height":1.4434106349945068,"swell1Period":8.814820289611816,"swell1Direction":350.0,"swell2Height":0.10398811101913452,"swell2Period":4.825349807739258,"swell2Direction":120.0}},{"type":"Feature","geometry":{"type":"Point","coordinates":[119.8,13.8]},"properties":{"model":"MRI3","waveHeight":1.2775779962539673,"wavePeriod":7.497817516326904,"peakPeriod":8.42945671081543,"waveDirection":340.0,"windSpeed":8.79784107208252,"windDirection":55.840309143066406,"swellHeight":1.0873348712921143,"windSeaHeight":0.6707521677017212,"seaLevelPressure":1014.7000122070312,"windSeaHeight_w":0.6707521677017212,"windSeaPeriod_w":4.5559306144714355,"windSeaDir_w":60.0,"swell1Height":1.0760693550109863,"swell1Period":8.681648254394531,"swell1Direction":330.0,"swell2Height":0.11960209161043167,"swell2Period":5.768952369689941,"swell2Direction":0.0}},{"type":"Feature","geometry":{"type":"Point","coordinates":[120.6,13.8]},"properties":{"model":"MRI3","waveHeight":0.5383908152580261,"wavePeriod":6.5670366287231445,"peakPeriod":8.42945671081543,"waveDirection":340.0,"windSpeed":5.636186599731445,"windDirection":66.02719116210938,"swellHeight":0.4221976101398468,"windSeaHeight":0.334086537361145,"seaLevelPressure":1015.1000366210938,"windSeaHeight_w":0.334086537361145,"windSeaPeriod_w":4.207945346832275,"windSeaDir_w":70.0,"swell1Height":0.40498214960098267,"swell1Period":8.35196304321289,"swell1Direction":320.0,"swell2Height":0.09205889701843262,"swell2Period":4.5654449462890625,"swell2Direction":120.0}},{"type":"Feature","geometry":{"type":"Point","coordinates":[124.6,13.8]},"properties":{"model":"MRI3","waveHeight":1.6328208446502686,"wavePeriod":9.301196098327637,"peakPeriod":9.192388534545898,"waveDirection":50.0,"windSpeed":2.759021520614624,"windDirection":46.76240539550781,"swellHeight":1.6328208446502686,"windSeaHeight":0.0,"seaLevelPressure":1014.7000122070312,"windSeaHeight_w":0.0,"windSeaPeriod_w":2.0,"windSeaDir_w":null,"swell1Height":1.3697483539581299,"swell1Period":9.454516410827637,"swell1Direction":60.0,"swell2Height":0.879106342792511,"swell2Period":8.996789932250977,"swell2Direction":30.0}},{"type":"Feature","geometry":{"type":"Point","coordinates":[125.4,13.8]},"properties":{"model":"MRI3","waveHeight":1.732330083847046,"wavePeriod":9.064496994018555,"peakPeriod":9.192388534545898,"waveDirection":50.0,"windSpeed":4.726880073547363,"windDirection":73.4052505493164,"swellHeight":1.7119221687316895,"windSeaHeight":0.26512232422828674,"seaLevelPressure":1014.4000244140625,"windSeaHeight_w":0.26512232422828674,"windSeaPeriod_w":4.238217353820801,"windSeaDir_w":70.0,"swell1Height":1.5756452083587646,"swell1Period":9.250740051269531,"swell1Direction":60.0,"swell2Height":0.6421108841896057,"swell2Period":9.011556625366211,"swell2Direction":10.0}},{"type":"Feature","geometry":{"type":"Point","coordinates":[126.2,13.8]},"properties":{"model":"MRI3","waveHeight":1.8794586658477783,"wavePeriod":8.815411567687988,"peakPeriod":9.192388534545898,"waveDirection":60.0,"windSpeed":5.7082743644714355,"windDirection":79.9106216430664,"swellHeight":1.8098517656326294,"windSeaHeight":0.5067556500434875,"seaLevelPressure":1014.4000244140625,"windSeaHeight_w":0.5067556500434875,"windSeaPeriod_w":4.724771499633789,"windSeaDir_w":80.0,"swell1Height":1.7325375080108643,"swell1Period":9.219613075256348,"swell1Direction":60.0,"swell2Height":0.4473973214626312,"swell2Period":9.038891792297363,"swell2Direction":0.0}},{"type":"Feature","geometry":{"type":"Point","coordinates":[127.0,13.8]},"properties":{"model":"MRI3","waveHeight":2.1206021308898926,"wavePeriod":8.528791427612305,"peakPeriod":9.192388534545898,"waveDirection":60.0,"windSpeed":8.08948040008545,"windDirection":85.10696411132812,"swellHeight":1.765152096748352,"windSeaHeight":1.1752411127090454,"seaLevelPressure":1014.2999877929688,"windSeaHeight_w":1.1752411127090454,"windSeaPeriod_w":6.19705867767334,"windSeaDir_w":90.0,"swell1Height":1.6955703496932983,"swell1Period":9.655655860900879,"swell1Direction":50.0,"swell2Height":0.43586084246635437,"swell2Period":8.87967300415039,"swell2Direction":0.0}},{"type":"Feature","geometry":{"type":"Point","coordinates":[127.8,13.8]},"properties":{"model":"MRI3","waveHeight":2.2690677642822266,"wavePeriod":8.519342422485352,"peakPeriod":9.192388534545898,"waveDirection":60.0,"windSpeed":9.116161346435547,"windDirection":74.86616516113281,"swellHeight":1.6397901773452759,"windSeaHeight":1.5683612823486328,"seaLevelPressure":1014.2999877929688,"windSeaHeight_w":1.5683612823486328,"windSeaPeriod_w":6.93903112411499,"windSeaDir_w":70.0,"swell1Height":1.6108123064041138,"swell1Period":10.105374336242676,"swell1Direction":50.0,"swell2Height":0.2777315676212311,"swell2Period":5.953920364379883,"swell2Direction":140.0}},{"type":"Feature","geometry":{"type":"Point","coordinates":[128.6,13.8]},"properties":{"model":"MRI3","waveHeight":2.4531261920928955,"wavePeriod":8.505768775939941,"peakPeriod":9.192388534545898,"waveDirection":60.0,"windSpeed":9.78816032409668,"windDirection":69.36174774169922,"swellHeight":1.5970029830932617,"windSeaHeight":1.862098217010498,"seaLevelPressure":1014.2999877929688,"windSeaHeight_w":1.862098217010498,"windSeaPeriod_w":7.346648216247559,"windSeaDir_w":70.0,"swell1Height":1.5678752660751343,"swell1Period":10.231447219848633,"swell1Direction":40.0,"swell2Height":0.2640092074871063,"swell2Period":5.941198348999023,"swell2Direction":140.0}},{"type":"Feature","geometry":{"type":"Point","coordinates":[129.4,13.8]},"properties":{"model":"MRI3","waveHeight":2.6227915287017822,"wavePeriod":8.538570404052734,"peakPeriod":9.192388534545898,"waveDirection":50.0,"windSpeed":10.588034629821777,"windDirection":66.09795379638672,"swellHeight":1.6005874872207642,"windSeaHeight":2.0777766704559326,"seaLevelPressure":1014.2999877929688,"windSeaHeight_w":2.0777766704559326,"windSeaPeriod_w":7.615246772766113,"windSeaDir_w":60.0,"swell1Height":1.5741671323776245,"swell1Period":10.218015670776367,"swell1Direction":40.0,"swell2Height":0.24438513815402985,"swell2Period":6.356057167053223,"swell2Direction":130.0}},{"type":"Feature","geometry":{"type":"Point","coordinates":[130.2,13.8]},"properties":{"model":"MRI3","waveHeight":2.7411961555480957,"wavePeriod":8.623139381408691,"peakPeriod":10.024370193481445,"waveDirection":50.0,"windSpeed":10.88826847076416,"windDirection":62.069908142089844,"swellHeight":1.4536281824111938,"windSeaHeight":2.324031352996826,"seaLevelPressure":1014.5,"windSeaHeight_w":2.324031352996826,"windSeaPeriod_w":8.046154022216797,"windSeaDir_w":60.0,"swell1Height":1.4116878509521484,"swell1Period":10.330613136291504,"swell1Direction":30.0,"swell2Height":0.31270116567611694,"swell2Period":6.03402853012085,"swell2Direction":130.0}},{"type":"Feature","geometry":{"type":"Point","coordinates":[131.0,13.8]},"properties":{"model":"MRI3","waveHeight":2.8196332454681396,"wavePeriod":8.712309837341309,"peakPeriod":10.024370193481445,"waveDirection":50.0,"windSpeed":10.492401123046875,"windDirection":55.916168212890625,"swellHeight":1.7219507694244385,"windSeaHeight":2.232759952545166,"seaLevelPressure":1014.5,"windSeaHeight_w":2.232759952545166,"windSeaPeriod_w":7.862875938415527,"windSeaDir_w":60.0,"swell1Height":1.6928895711898804,"swell1Period":10.28214168548584,"swell1Direction":40.0,"swell2Height":0.2712768018245697,"swell2Period":5.772418022155762,"swell2Direction":130.0}},{"type":"Feature","geometry":{"type":"Point","coordinates":[131.8,13.8]},"properties":{"model":"MRI3","waveHeight":2.8851420879364014,"wavePeriod":8.76829719543457,"peakPeriod":10.024370193481445,"waveDirection":50.0,"windSpeed":10.799601554870605,"windDirection":54.11695861816406,"swellHeight":1.481773853302002,"windSeaHeight":2.4755587577819824,"seaLevelPressure":1014.5,"windSeaHeight_w":2.4755587577819824,"windSeaPeriod_w":8.252103805541992,"windSeaDir_w":50.0,"swell1Height":1.4438810348510742,"swell1Period":10.44862174987793,"swell1Direction":40.0,"swell2Height":0.29262861609458923,"swell2Period":5.303110122680664,"swell2Direction":130.0}},{"type":"Feature","geometry":{"type":"Point","coordinates":[132.6,13.8]},"properties":{"model":"MRI3","waveHeight":2.9516944885253906,"wavePeriod":8.769552230834961,"peakPeriod":9.192388534545898,"waveDirection":40.0,"windSpeed":10.922453880310059,"windDirection":49.45561218261719,"swellHeight":1.547760009765625,"windSeaHeight":2.513352155685425,"seaLevelPressure":1014.4000244140625,"windSeaHeight_w":2.513352155685425,"windSeaPeriod_w":8.222564697265625,"windSeaDir_w":50.0,"swell1Height":1.508744239807129,"swell1Period":10.43368148803711,"swell1Direction":30.0,"swell2Height":0.2919157147407532,"swell2Period":5.749240398406982,"swell2Direction":120.0}},{"type":"Feature","geometry":{"type":"Point","coordinates":[133.4,13.8]},"properties":{"model":"MRI3","waveHeight":2.9871439933776855,"wavePeriod":8.710914611816406,"peakPeriod":9.192388534545898,"waveDirection":40.0,"windSpeed":11.278851509094238,"windDirection":45.53883361816406,"swellHeight":1.4390383958816528,"windSeaHeight":2.6176702976226807,"seaLevelPressure":1014.2000122070312,"windSeaHeight_w":2.6176702976226807,"windSeaPeriod_w":8.362648010253906,"windSeaDir_w":50.0,"swell1Height":1.4018369913101196,"swell1Period":10.076627731323242,"swell1Direction":20.0,"swell2Height":0.24216675758361816,"swell2Period":5.8223419189453125,"swell2Direction":120.0}},{"type":"Feature","geometry":{"type":"Point","coordinates":[134.2,13.8]},"properties":{"model":"MRI3","waveHeight":2.95097017288208,"wavePeriod":8.581811904907227,"peakPeriod":9.192388534545898,"waveDirection":40.0,"windSpeed":11.622478485107422,"windDirection":42.41960144042969,"swellHeight":1.1172701120376587,"windSeaHeight":2.731287717819214,"seaLevelPressure":1014.0,"windSeaHeight_w":2.731287717819214,"windSeaPeriod_w":8.420598030090332,"windSeaDir_w":40.0,"swell1Height":1.0553559064865112,"swell1Period":10.022073745727539,"swell1Direction":20.0,"swell2Height":0.2989920973777771,"swell2Period":5.252954483032227,"swell2Direction":120.0}},{"type":"Feature","geometry":{"type":"Point","coordinates":[115.8,14.600000000000001]},"properties":{"model":"MRI3","waveHeight":2.9333808422088623,"wavePeriod":8.121034622192383,"peakPeriod":9.192388534545898,"waveDirection":30.0,"windSpeed":8.617777824401855,"windDirection":22.875595092773438,"swellHeight":2.276008129119873,"windSeaHeight":1.8505433797836304,"seaLevelPressure":1016.2000122070312,"windSeaHeight_w":1.8505433797836304,"windSeaPeriod_w":6.475472927093506,"windSeaDir_w":20.0,"swell1Height":2.193037271499634,"swell1Period":9.508315086364746,"swell1Direction":30.0,"swell2Height":0.46796682476997375,"swell2Period":5.061076641082764,"swell2Direction":110.0}},{"type":"Feature","geometry":{"type":"Point","coordinates":[116.6,14.600000000000001]},"properties":{"model":"MRI3","waveHeight":2.8316781520843506,"wavePeriod":8.073202133178711,"peakPeriod":9.192388534545898,"waveDirection":20.0,"windSpeed":8.244039535522461,"windDirection":16.85235595703125,"swellHeight":2.238922357559204,"windSeaHeight":1.7336748838424683,"seaLevelPressure":1015.9000244140625,"windSeaHeight_w":1.7336748838424683,"windSeaPeriod_w":6.273791790008545,"windSeaDir_w":20.0,"swell1Height":2.1459944248199463,"swell1Period":9.494782447814941,"swell1Direction":20.0,"swell2Height":0.4766358435153961,"swell2Period":4.917151927947998,"swell2Direction":100.0}},{"type":"Feature","geometry":{"type":"Point","coordinates":[117.39999999999999,14.600000000000001]},"properties":{"model":"MRI3","waveHeight":2.543135404586792,"wavePeriod":8.058892250061035,"peakPeriod":9.192388534545898,"waveDirection":10.0,"windSpeed":7.178592681884766,"windDirection":7.9269256591796875,"swellHeight":2.230196475982666,"windSeaHeight":1.222195029258728,"seaLevelPressure":1015.4000244140625,"windSeaHeight_w":1.222195029258728,"windSeaPeriod_w":5.434417247772217,"windSeaDir_w":10.0,"swell1Height":2.174809694290161,"swell1Period":9.035736083984375,"swell1Direction":10.0,"swell2Height":0.32596904039382935,"swell2Period":5.541417598724365,"swell2Direction":270.0}},{"type":"Feature","geometry":{"type":"Point","coordinates":[118.2,14.600000000000001]},"properties":{"model":"MRI3","waveHeight":2.025040864944458,"wavePeriod":8.396909713745117,"peakPeriod":8.42945671081543,"waveDirection":0.0,"windSpeed":4.946291446685791,"windDirection":19.2408447265625,"swellHeight":1.9884960651397705,"windSeaHeight":0.3829800486564636,"seaLevelPressure":1015.1000366210938,"windSeaHeight_w":0.3829800486564636,"windSeaPeriod_w":4.411994934082031,"windSeaDir_w":20.0,"swell1Height":1.961243748664856,"swell1Period":8.639123916625977,"swell1Direction":0.0,"swell2Height":0.25868868827819824,"swell2Period":5.250420093536377,"swell2Direction":270.0}},{"type":"Feature","geometry":{"type":"Point","coordinates":[119.0,14.600000000000001]},"properties":{"model":"MRI3","waveHeight":1.6119632720947266,"wavePeriod":8.121540069580078,"peakPeriod":8.42945671081543,"waveDirection":350.0,"windSpeed":6.4300079345703125,"windDirection":73.65069580078125,"swellHeight":1.5307890176773071,"windSeaHeight":0.5050845742225647,"seaLevelPressure":1015.0,"windSeaHeight_w":0.5050845742225647,"windSeaPeriod_w":4.5077033042907715,"windSeaDir_w":80.0,"swell1Height":1.5144433975219727,"swell1Period":8.589299201965332,"swell1Direction":350.0,"swell2Height":0.1435374915599823,"swell2Period":4.675929069519043,"swell2Direction":130.0}},{"type":"Feature","geometry":{"type":"Point","coordinates":[119.8,14.600000000000001]},"properties":{"model":"MRI3","waveHeight":1.135480284690857,"wavePeriod":7.570834159851074,"peakPeriod":8.42945671081543,"waveDirection":330.0,"windSpeed":6.387566089630127,"windDirection":65.8826904296875,"swellHeight":1.032185435295105,"windSeaHeight":0.4731898307800293,"seaLevelPressure":1015.2000122070312,"windSeaHeight_w":0.4731898307800293,"windSeaPeriod_w":4.354830741882324,"windSeaDir_w":70.0,"swell1Height":1.017530083656311,"swell1Period":8.349821090698242,"swell1Direction":330.0,"swell2Height":0.12025119364261627,"swell2Period":4.71509313583374,"swell2Direction":0.0}},{"type":"Feature","geometry":{"type":"Point","coordinates":[120.6,14.600000000000001]},"properties":{"model":"MRI3","waveHeight":0.17141512036323547,"wavePeriod":2.0,"peakPeriod":1.0,"waveDirection":null,"windSpeed":4.084176540374756,"windDirection":36.33680725097656,"swellHeight":0.12931333482265472,"windSeaHeight":0.11252201348543167,"seaLevelPressure":1015.5,"windSeaHeight_w":0.11252201348543167,"windSeaPeriod_w":3.901285171508789,"windSeaDir_w":40.0,"swell1Height":0.11975507438182831,"swell1Period":4.415010452270508,"swell1Direction":60.0,"swell2Height":0.04420546442270279,"swell2Period":7.172028064727783,"swell2Direction":240.0}},{"type":"Feature","geometry":{"type":"Point","coordinates":[122.2,14.600000000000001]},"properties":{"model":"MRI3","waveHeight":1.3264884948730469,"wavePeriod":9.065839767456055,"peakPeriod":9.192388534545898,"waveDirection":60.0,"windSpeed":4.987684726715088,"windDirection":27.849502563476562,"swellHeight":1.2823383808135986,"windSeaHeight":0.3393821120262146,"seaLevelPressure":1015.2999877929688,"windSeaHeight_w":0.3393821120262146,"windSeaPeriod_w":4.257969856262207,"windSeaDir_w":30.0,"swell1Height":1.2180291414260864,"swell1Period":9.477277755737305,"swell1Direction":60.0,"swell2Height":0.38965025544166565,"swell2Period":8.85999584197998,"swell2Direction":20.0}},{"type":"Feature","geometry":{"type":"Point","coordinates":[123.0,14.600000000000001]},"properties":{"model":"MRI3","waveHeight":1.9148811101913452,"wavePeriod":9.210723876953125,"peakPeriod":9.192388534545898,"waveDirection":40.0,"windSpeed":4.533486366271973,"windDirection":43.838165283203125,"swellHeight":1.894710659980774,"windSeaHeight":0.277202308177948,"seaLevelPressure":1015.1000366210938,"windSeaHeight_w":0.277202308177948,"windSeaPeriod_w":4.156292915344238,"windSeaDir_w":40.0,"swell1Height":1.8780328035354614,"swell1Period":9.370656967163086,"swell1Direction":40.0,"swell2Height":0.18171322345733643,"swell2Period":7.4728102684021,"swell2Direction":110.0}},{"type":"Feature","geometry":{"type":"Point","coordinates":[123.8,14.600000000000001]},"properties":{"model":"MRI3","waveHeight":1.8384344577789307,"wavePeriod":9.247297286987305,"peakPeriod":9.192388534545898,"waveDirection":40.0,"windSpeed":4.406007289886475,"windDirection":59.59379577636719,"swellHeight":1.8278393745422363,"windSeaHeight":0.1970892697572708,"seaLevelPressure":1014.9000244140625,"windSeaHeight_w":0.1970892697572708,"windSeaPeriod_w":4.043478012084961,"windSeaDir_w":60.0,"swell1Height":1.7996915578842163,"swell1Period":9.377859115600586,"swell1Direction":40.0,"swell2Height":0.28369614481925964,"swell2Period":7.523766040802002,"swell2Direction":110.0}},{"type":"Feature","geometry":{"type":"Point","coordinates":[124.6,14.600000000000001]},"properties":{"model":"MRI3","waveHeight":1.943910002708435,"wavePeriod":9.161175727844238,"peakPeriod":9.192388534545898,"waveDirection":40.0,"windSpeed":4.493283748626709,"windDirection":59.21119689941406,"swellHeight":1.9244731664657593,"windSeaHeight":0.2742061913013458,"seaLevelPressure":1014.7999877929688,"windSeaHeight_w":0.2742061913013458,"windSeaPeriod_w":4.161808013916016,"windSeaDir_w":60.0,"swell1Height":1.8836731910705566,"swell1Period":9.350018501281738,"swell1Direction":40.0,"swell2Height":0.3759992718696594,"swell2Period":7.43827486038208,"swell2Direction":120.0}},{"type":"Feature","geometry":{"type":"Point","coordinates":[125.4,14.600000000000001]},"properties":{"model":"MRI3","waveHeight":1.960922122001648,"wavePeriod":8.990225791931152,"peakPeriod":9.192388534545898,"waveDirection":50.0,"windSpeed":6.143524646759033,"windDirection":60.555885314941406,"swellHeight":1.8835396766662598,"windSeaHeight":0.5454301834106445,"seaLevelPressure":1014.7999877929688,"windSeaHeight_w":0.5454301834106445,"windSeaPeriod_w":4.866847991943359,"windSeaDir_w":60.0,"swell1Height":1.5316987037658691,"swell1Period":9.481758117675781,"swell1Direction":60.0,"swell2Height":1.0719847679138184,"swell2Period":9.044099807739258,"swell2Direction":10.0}},{"type":"Feature","geometry":{"type":"Point","coordinates":[126.2,14.600000000000001]},"properties":{"model":"MRI3","waveHeight":1.9919164180755615,"wavePeriod":9.007102012634277,"peakPeriod":9.192388534545898,"waveDirection":50.0,"windSpeed":4.882151126861572,"windDirection":68.74342346191406,"swellHeight":1.9634007215499878,"windSeaHeight":0.3358405828475952,"seaLevelPressure":1014.7999877929688,"windSeaHeight_w":0.3358405828475952,"windSeaPeriod_w":4.358196258544922,"windSeaDir_w":70.0,"swell1Height":1.736588478088379,"swell1Period":9.224660873413086,"swell1Direction":60.0,"swell2Height":0.8979873657226562,"swell2Period":8.968008041381836,"swell2Direction":10.0}},{"type":"Feature","geometry":{"type":"Point","coordinates":[127.0,14.600000000000001]},"properties":{"model":"MRI3","waveHeight":2.2597928047180176,"wavePeriod":8.647021293640137,"peakPeriod":9.192388534545898,"waveDirection":60.0,"windSpeed":7.85980224609375,"windDirection":84.23138427734375,"swellHeight":1.9563119411468506,"windSeaHeight":1.131152868270874,"seaLevelPressure":1014.7000122070312,"windSeaHeight_w":1.131152868270874,"windSeaPeriod_w":6.092523097991943,"windSeaDir_w":80.0,"swell1Height":1.8486725091934204,"swell1Period":9.663936614990234,"swell1Direction":50.0,"swell2Height":0.5355789661407471,"swell2Period":8.951325416564941,"swell2Direction":0.0}},{"type":"Feature","geometry":{"type":"Point","coordinates":[127.8,14.600000000000001]},"properties":{"model":"MRI3","waveHeight":2.4257445335388184,"wavePeriod":8.56867790222168,"peakPeriod":9.192388534545898,"waveDirection":60.0,"windSpeed":9.110021591186523,"windDirection":79.24512481689453,"swellHeight":1.8650354146957397,"windSeaHeight":1.551089882850647,"seaLevelPressure":1014.7000122070312,"windSeaHeight_w":1.551089882850647,"windSeaPeriod_w":6.805078983306885,"windSeaDir_w":80.0,"swell1Height":1.7137128114700317,"swell1Period":10.056646347045898,"swell1Direction":50.0,"swell2Height":0.6687316298484802,"swell2Period":8.744827270507812,"swell2Direction":350.0}},{"type":"Feature","geometry":{"type":"Point","coordinates":[128.6,14.600000000000001]},"properties":{"model":"MRI3","waveHeight":2.624682664871216,"wavePeriod":8.547080039978027,"peakPeriod":9.192388534545898,"waveDirection":60.0,"windSpeed":10.180004119873047,"windDirection":73.68352508544922,"swellHeight":1.7630354166030884,"windSeaHeight":1.9443933963775635,"seaLevelPressure":1014.7999877929688,"windSeaHeight_w":1.9443933963775635,"windSeaPeriod_w":7.364107608795166,"windSeaDir_w":70.0,"swell1Height":1.6747827529907227,"swell1Period":10.24193286895752,"swell1Direction":40.0,"swell2Height":0.4374733865261078,"swell2Period":8.50110149383545,"swell2Direction":350.0}},{"type":"Feature","geometry":{"type":"Point","coordinates":[129.4,14.600000000000001]},"properties":{"model":"MRI3","waveHeight":2.7493536472320557,"wavePeriod":8.595179557800293,"peakPeriod":9.192388534545898,"waveDirection":50.0,"windSpeed":10.809337615966797,"windDirection":68.11001586914062,"swellHeight":1.6625111103057861,"windSeaHeight":2.189749240875244,"seaLevelPressure":1014.9000244140625,"windSeaHeight_w":2.189749240875244,"windSeaPeriod_w":7.850578308105469,"windSeaDir_w":60.0,"swell1Height":1.6318515539169312,"swell1Period":10.018328666687012,"swell1Direction":30.0,"swell2Height":0.26532256603240967,"swell2Period":6.363976001739502,"swell2Direction":130.0}},{"type":"Feature","geometry":{"type":"Point","coordinates":[130.2,14.600000000000001]},"properties":{"model":"MRI3","waveHeight":2.8210887908935547,"wavePeriod":8.66686725616455,"peakPeriod":9.192388534545898,"waveDirection":50.0,"windSpeed":10.70943546295166,"windDirection":62.04710388183594,"swellHeight":1.5402553081512451,"windSeaHeight":2.3635048866271973,"seaLevelPressure":1015.0,"windSeaHeight_w":2.3635048866271973,"windSeaPeriod_w":8.115450859069824,"windSeaDir_w":60.0,"swell1Height":1.4963067770004272,"swell1Period":10.189940452575684,"swell1Direction":30.0,"swell2Height":0.32818520069122314,"swell2Period":5.988380432128906,"swell2Direction":130.0}},{"type":"Feature","geometry":{"type":"Point","coordinates":[131.0,14.600000000000001]},"properties":{"model":"MRI3","waveHeight":2.879815101623535,"wavePeriod":8.731806755065918,"peakPeriod":9.192388534545898,"waveDirection":50.0,"windSpeed":10.820582389831543,"windDirection":57.147064208984375,"swellHeight":1.650565266609192,"windSeaHeight":2.3598663806915283,"seaLevelPressure":1015.1000366210938,"windSeaHeight_w":2.3598663806915283,"windSeaPeriod_w":8.133440971374512,"windSeaDir_w":60.0,"swell1Height":1.6178462505340576,"swell1Period":10.11190414428711,"swell1Direction":30.0,"swell2Height":0.281135618686676,"swell2Period":5.821722030639648,"swell2Direction":130.0}},{"type":"Feature","geometry":{"type":"Point","coordinates":[131.8,14.600000000000001]},"properties":{"model":"MRI3","waveHeight":2.9331822395324707,"wavePeriod":8.77480697631836,"peakPeriod":9.192388534545898,"waveDirection":50.0,"windSpeed":10.956372261047363,"windDirection":54.32250213623047,"swellHeight":1.545030117034912,"windSeaHeight":2.493278980255127,"seaLevelPressure":1015.0,"windSeaHeight_w":2.493278980255127,"windSeaPeriod_w":8.272448539733887,"windSeaDir_w":50.0,"swell1Height":1.5088773965835571,"swell1Period":10.290472030639648,"swell1Direction":40.0,"swell2Height":0.2868413031101227,"swell2Period":5.424465656280518,"swell2Direction":130.0}},{"type":"Feature","geometry":{"type":"Point","coordinates":[132.6,14.600000000000001]},"properties":{"model":"MRI3","waveHeight":2.9701554775238037,"wavePeriod":8.774820327758789,"peakPeriod":9.192388534545898,"waveDirection":40.0,"windSpeed":11.183290481567383,"windDirection":48.84300231933594,"swellHeight":1.420253872871399,"windSeaHeight":2.6085824966430664,"seaLevelPressure":1015.0,"windSeaHeight_w":2.6085824966430664,"windSeaPeriod_w":8.460147857666016,"windSeaDir_w":50.0,"swell1Height":1.3843083381652832,"swell1Period":10.052218437194824,"swell1Direction":30.0,"swell2Height":0.2583301067352295,"swell2Period":5.278994083404541,"swell2Direction":130.0}},{"type":"Feature","geometry":{"type":"Point","coordinates":[133.4,14.600000000000001]},"properties":{"model":"MRI3","waveHeight":2.973609447479248,"wavePeriod":8.719952583312988,"peakPeriod":9.192388534545898,"waveDirection":40.0,"windSpeed":11.232782363891602,"windDirection":46.515045166015625,"swellHeight":1.4626224040985107,"windSeaHeight":2.5890324115753174,"seaLevelPressure":1014.9000244140625,"windSeaHeight_w":2.5890324115753174,"windSeaPeriod_w":8.402008056640625,"windSeaDir_w":50.0,"swell1Height":1.4164713621139526,"swell1Period":9.959338188171387,"swell1Direction":20.0,"swell2Height":0.2900370657444,"swell2Period":5.983321666717529,"swell2Direction":120.0}},{"type":"Feature","geometry":{"type":"Point","coordinates":[134.2,14.600000000000001]},"properties":{"model":"MRI3","waveHeight":2.8651301860809326,"wavePeriod":8.62031364440918,"peakPeriod":9.192388534545898,"waveDirection":40.0,"windSpeed":11.150066375732422,"windDirection":46.88978576660156,"swellHeight":1.5483003854751587,"windSeaHeight":2.410754442214966,"seaLevelPressure":1014.7000122070312,"windSeaHeight_w":2.410754442214966,"windSeaPeriod_w":8.159618377685547,"windSeaDir_w":50.0,"swell1Height":1.510987401008606,"swell1Period":9.930399894714355,"swell1Direction":20.0,"swell2Height":0.30151841044425964,"swell2Period":5.797213077545166,"swell2Direction":120.0}},{"type":"Feature","geometry":{"type":"Point","coordinates":[115.8,15.400000000000002]},"properties":{"model":"MRI3","waveHeight":3.0440921783447266,"wavePeriod":8.150728225708008,"peakPeriod":9.192388534545898,"waveDirection":40.0,"windSpeed":8.62278938293457,"windDirection":27.189102172851562,"swellHeight":2.370230197906494,"windSeaHeight":1.9101061820983887,"seaLevelPressure":1016.7000122070312,"windSeaHeight_w":1.9101061820983887,"windSeaPeriod_w":6.491843223571777,"windSeaDir_w":30.0,"swell1Height":2.2743887901306152,"swell1Period":9.55421257019043,"swell1Direction":40.0,"swell2Height":0.48973768949508667,"swell2Period":5.061457633972168,"swell2Direction":120.0}},{"type":"Feature","geometry":{"type":"Point","coordinates":[116.6,15.400000000000002]},"properties":{"model":"MRI3","waveHeight":3.0144875049591064,"wavePeriod":8.132487297058105,"peakPeriod":9.192388534545898,"waveDirection":30.0,"windSpeed":8.490211486816406,"windDirection":22.2149658203125,"swellHeight":2.411431074142456,"windSeaHeight":1.8089044094085693,"seaLevelPressure":1016.2999877929688,"windSeaHeight_w":1.8089044094085693,"windSeaPeriod_w":6.309071063995361,"windSeaDir_w":20.0,"swell1Height":2.329655885696411,"swell1Period":9.43472957611084,"swell1Direction":30.0,"swell2Height":0.46686744689941406,"swell2Period":5.0476813316345215,"swell2Direction":110.0}},{"type":"Feature","geometry":{"type":"Point","coordinates":[117.39999999999999,15.400000000000002]},"properties":{"model":"MRI3","waveHeight":2.7766499519348145,"wavePeriod":8.063556671142578,"peakPeriod":9.192388534545898,"waveDirection":20.0,"windSpeed":6.937557220458984,"windDirection":16.841644287109375,"swellHeight":2.4465198516845703,"windSeaHeight":1.3131359815597534,"seaLevelPressure":1015.7999877929688,"windSeaHeight_w":1.3131359815597534,"windSeaPeriod_w":5.46464729309082,"windSeaDir_w":20.0,"swell1Height":2.368128538131714,"swell1Period":9.04958438873291,"swell1Direction":20.0,"swell2Height":0.4164990186691284,"swell2Period":5.674595355987549,"swell2Direction":280.0}},{"type":"Feature","geometry":{"type":"Point","coordinates":[118.2,15.400000000000002]},"properties":{"model":"MRI3","waveHeight":2.2927086353302,"wavePeriod":8.100038528442383,"peakPeriod":8.42945671081543,"waveDirection":10.0,"windSpeed":5.053958892822266,"windDirection":11.06536865234375,"swellHeight":2.224576711654663,"windSeaHeight":0.5547712445259094,"seaLevelPressure":1015.2000122070312,"windSeaHeight_w":0.5547712445259094,"windSeaPeriod_w":4.357430934906006,"windSeaDir_w":10.0,"swell1Height":2.1684257984161377,"swell1Period":8.493816375732422,"swell1Direction":10.0,"swell2Height":0.34244680404663086,"swell2Period":4.99687385559082,"swell2Direction":80.0}},{"type":"Feature","geometry":{"type":"Point","coordinates":[119.0,15.400000000000002]},"properties":{"model":"MRI3","waveHeight":1.6617400646209717,"wavePeriod":8.292896270751953,"peakPeriod":8.42945671081543,"waveDirection":0.0,"windSpeed":5.194660663604736,"windDirection":94.30565643310547,"swellHeight":1.6535273790359497,"windSeaHeight":0.16500639915466309,"seaLevelPressure":1015.2000122070312,"windSeaHeight_w":0.16500639915466309,"windSeaPeriod_w":4.206131935119629,"windSeaDir_w":90.0,"swell1Height":1.6314663887023926,"swell1Period":8.413481712341309,"swell1Direction":0.0,"swell2Height":0.25394579768180847,"swell2Period":5.34469747543335,"swell2Direction":270.0}},{"type":"Feature","geometry":{"type":"Point","coordinates":[119.8,15.400000000000002]},"properties":{"model":"MRI3","waveHeight":0.8690370321273804,"wavePeriod":7.792191505432129,"peakPeriod":7.729846477508545,"waveDirection":320.0,"windSpeed":1.0781465768814087,"windDirection":49.51399230957031,"swellHeight":0.8690370321273804,"windSeaHeight":0.0,"seaLevelPressure":1015.2999877929688,"windSeaHeight_w":0.0,"windSeaPeriod_w":2.0,"windSeaDir_w":null,"swell1Height":0.863878071308136,"swell1Period":7.836150646209717,"swell1Direction":320.0,"swell2Height":0.047944582998752594,"swell2Period":4.221053600311279,"swell2Direction":120.0}},{"type":"Feature","geometry":{"type":"Point","coordinates":[122.2,15.400000000000002]},"properties":{"model":"MRI3","waveHeight":2.959120988845825,"wavePeriod":8.59475040435791,"peakPeriod":9.192388534545898,"waveDirection":40.0,"windSpeed":12.761543273925781,"windDirection":20.025314331054688,"swellHeight":1.1878101825714111,"windSeaHeight":2.710259199142456,"seaLevelPressure":1016.0,"windSeaHeight_w":2.710259199142456,"windSeaPeriod_w":8.262044906616211,"windSeaDir_w":30.0,"swell1Height":1.1705305576324463,"swell1Period":10.46690845489502,"swell1Direction":70.0,"swell2Height":0.1588912159204483,"swell2Period":5.108298301696777,"swell2Direction":310.0}},{"type":"Feature","geometry":{"type":"Point","coordinates":[123.0,15.400000000000002]},"properties":{"model":"MRI3","waveHeight":2.6570775508880615,"wavePeriod":9.077439308166504,"peakPeriod":9.192388534545898,"waveDirection":40.0,"windSpeed":7.736827373504639,"windDirection":40.64949035644531,"swellHeight":2.412717819213867,"windSeaHeight":1.113038420677185,"seaLevelPressure":1015.5,"windSeaHeight_w":1.113038420677185,"windSeaPeriod_w":5.989969730377197,"windSeaDir_w":40.0,"swell1Height":2.0239155292510986,"swell1Period":9.881235122680664,"swell1Direction":50.0,"swell2Height":1.2865835428237915,"swell2Period":9.556283950805664,"swell2Direction":10.0}},{"type":"Feature","geometry":{"type":"Point","coordinates":[123.8,15.400000000000002]},"properties":{"model":"MRI3","waveHeight":2.5193898677825928,"wavePeriod":9.172894477844238,"peakPeriod":9.192388534545898,"waveDirection":40.0,"windSpeed":7.27593994140625,"windDirection":54.45317840576172,"swellHeight":2.3424856662750244,"windSeaHeight":0.9274088144302368,"seaLevelPressure":1015.2999877929688,"windSeaHeight_w":0.9274088144302368,"windSeaPeriod_w":5.7946367263793945,"windSeaDir_w":50.0,"swell1Height":2.0044667720794678,"swell1Period":9.86729907989502,"swell1Direction":50.0,"swell2Height":1.1887840032577515,"swell2Period":9.382709503173828,"swell2Direction":10.0}},{"type":"Feature","geometry":{"type":"Point","coordinates":[124.6,15.400000000000002]},"properties":{"model":"MRI3","waveHeight":2.5152297019958496,"wavePeriod":8.974875450134277,"peakPeriod":9.192388534545898,"waveDirection":40.0,"windSpeed":8.492643356323242,"windDirection":63.646148681640625,"swellHeight":2.2118072509765625,"windSeaHeight":1.1976182460784912,"seaLevelPressure":1015.0,"windSeaHeight_w":1.1976182460784912,"windSeaPeriod_w":6.375009536743164,"windSeaDir_w":60.0,"swell1Height":1.7101421356201172,"swell1Period":9.995410919189453,"swell1Direction":50.0,"swell2Height":1.3932430744171143,"swell2Period":9.403690338134766,"swell2Direction":20.0}},{"type":"Feature","geometry":{"type":"Point","coordinates":[125.4,15.400000000000002]},"properties":{"model":"MRI3","waveHeight":2.30725359916687,"wavePeriod":9.116249084472656,"peakPeriod":9.192388534545898,"waveDirection":40.0,"windSpeed":6.102237224578857,"windDirection":66.1233139038086,"swellHeight":2.2414581775665283,"windSeaHeight":0.5470684766769409,"seaLevelPressure":1015.2000122070312,"windSeaHeight_w":0.5470684766769409,"windSeaPeriod_w":4.938072204589844,"windSeaDir_w":70.0,"swell1Height":1.7799698114395142,"swell1Period":9.561930656433105,"swell1Direction":60.0,"swell2Height":1.3239089250564575,"swell2Period":8.997888565063477,"swell2Direction":20.0}},{"type":"Feature","geometry":{"type":"Point","coordinates":[126.2,15.400000000000002]},"properties":{"model":"MRI3","waveHeight":2.3251254558563232,"wavePeriod":9.031757354736328,"peakPeriod":9.192388534545898,"waveDirection":50.0,"windSpeed":6.630422115325928,"windDirection":73.88843536376953,"swellHeight":2.2280211448669434,"windSeaHeight":0.6649283170700073,"seaLevelPressure":1015.2000122070312,"windSeaHeight_w":0.6649283170700073,"windSeaPeriod_w":5.226530075073242,"windSeaDir_w":70.0,"swell1Height":1.8161441087722778,"swell1Period":9.554780960083008,"swell1Direction":60.0,"swell2Height":1.248265027999878,"swell2Period":9.00751781463623,"swell2Direction":20.0}},{"type":"Feature","geometry":{"type":"Point","coordinates":[127.0,15.400000000000002]},"properties":{"model":"MRI3","waveHeight":2.492453098297119,"wavePeriod":8.77026081085205,"peakPeriod":9.192388534545898,"waveDirection":50.0,"windSpeed":7.858275890350342,"windDirection":80.47775268554688,"swellHeight":2.2257349491119385,"windSeaHeight":1.1217960119247437,"seaLevelPressure":1015.2000122070312,"windSeaHeight_w":1.1217960119247437,"windSeaPeriod_w":6.087629795074463,"windSeaDir_w":80.0,"swell1Height":1.93367600440979,"swell1Period":9.737886428833008,"swell1Direction":60.0,"swell2Height":1.0634806156158447,"swell2Period":8.767127990722656,"swell2Direction":10.0}},{"type":"Feature","geometry":{"type":"Point","coordinates":[127.8,15.400000000000002]},"properties":{"model":"MRI3","waveHeight":2.6323282718658447,"wavePeriod":8.648287773132324,"peakPeriod":9.192388534545898,"waveDirection":50.0,"windSpeed":9.45275592803955,"windDirection":81.5441665649414,"swellHeight":2.0478737354278564,"windSeaHeight":1.653894066810608,"seaLevelPressure":1015.1000366210938,"windSeaHeight_w":1.653894066810608,"windSeaPeriod_w":7.0257248878479,"windSeaDir_w":80.0,"swell1Height":1.9192781448364258,"swell1Period":9.943685531616211,"swell1Direction":40.0,"swell2Height":0.6091368198394775,"swell2Period":8.599716186523438,"swell2Direction":0.0}},{"type":"Feature","geometry":{"type":"Point","coordinates":[128.6,15.400000000000002]},"properties":{"model":"MRI3","waveHeight":2.824174165725708,"wavePeriod":8.581445693969727,"peakPeriod":9.192388534545898,"waveDirection":50.0,"windSpeed":10.798378944396973,"windDirection":74.58666229248047,"swellHeight":1.6949710845947266,"windSeaHeight":2.258989095687866,"seaLevelPressure":1015.2999877929688,"windSeaHeight_w":2.258989095687866,"windSeaPeriod_w":7.932544231414795,"windSeaDir_w":70.0,"swell1Height":1.5728046894073486,"swell1Period":10.070180892944336,"swell1Direction":30.0,"swell2Height":0.5111370086669922,"swell2Period":8.410090446472168,"swell2Direction":350.0}},{"type":"Feature","geometry":{"type":"Point","coordinates":[129.4,15.400000000000002]},"properties":{"model":"MRI3","waveHeight":2.875958204269409,"wavePeriod":8.611425399780273,"peakPeriod":9.192388534545898,"waveDirection":50.0,"windSpeed":11.021618843078613,"windDirection":67.6000747680664,"swellHeight":1.753828763961792,"windSeaHeight":2.2793025970458984,"seaLevelPressure":1015.5,"windSeaHeight_w":2.2793025970458984,"windSeaPeriod_w":7.928072929382324,"windSeaDir_w":60.0,"swell1Height":1.7192492485046387,"swell1Period":9.898268699645996,"swell1Direction":30.0,"swell2Height":0.29426923394203186,"swell2Period":6.3322434425354,"swell2Direction":140.0}},{"type":"Feature","geometry":{"type":"Point","coordinates":[130.2,15.400000000000002]},"properties":{"model":"MRI3","waveHeight":2.900167226791382,"wavePeriod":8.653420448303223,"peakPeriod":9.192388534545898,"waveDirection":50.0,"windSpeed":11.058937072753906,"windDirection":60.23584747314453,"swellHeight":1.588144302368164,"windSeaHeight":2.426678419113159,"seaLevelPressure":1015.6000366210938,"windSeaHeight_w":2.426678419113159,"windSeaPeriod_w":8.152483940124512,"windSeaDir_w":60.0,"swell1Height":1.5436547994613647,"swell1Period":10.036389350891113,"swell1Direction":30.0,"swell2Height":0.3415736258029938,"swell2Period":6.023942470550537,"swell2Direction":130.0}},{"type":"Feature","geometry":{"type":"Point","coordinates":[131.0,15.400000000000002]},"properties":{"model":"MRI3","waveHeight":2.9312238693237305,"wavePeriod":8.707797050476074,"peakPeriod":9.192388534545898,"waveDirection":50.0,"windSpeed":10.864712715148926,"windDirection":54.817901611328125,"swellHeight":1.51482355594635,"windSeaHeight":2.5094587802886963,"seaLevelPressure":1015.7000122070312,"windSeaHeight_w":2.5094587802886963,"windSeaPeriod_w":8.26905345916748,"windSeaDir_w":50.0,"swell1Height":1.4721238613128662,"swell1Period":10.148299217224121,"swell1Direction":40.0,"swell2Height":0.32534343004226685,"swell2Period":5.611751556396484,"swell2Direction":130.0}},{"type":"Feature","geometry":{"type":"Point","coordinates":[131.8,15.400000000000002]},"properties":{"model":"MRI3","waveHeight":2.9636740684509277,"wavePeriod":8.736599922180176,"peakPeriod":9.192388534545898,"waveDirection":50.0,"windSpeed":10.918264389038086,"windDirection":53.5289306640625,"swellHeight":1.5647835731506348,"windSeaHeight":2.5169060230255127,"seaLevelPressure":1015.7000122070312,"windSeaHeight_w":2.5169060230255127,"windSeaPeriod_w":8.279184341430664,"windSeaDir_w":50.0,"swell1Height":1.5301458835601807,"swell1Period":10.110477447509766,"swell1Direction":40.0,"swell2Height":0.29223936796188354,"swell2Period":5.438870429992676,"swell2Direction":130.0}},{"type":"Feature","geometry":{"type":"Point","coordinates":[132.6,15.400000000000002]},"properties":{"model":"MRI3","waveHeight":2.982229471206665,"wavePeriod":8.731956481933594,"peakPeriod":9.192388534545898,"waveDirection":50.0,"windSpeed":10.604838371276855,"windDirection":49.05296325683594,"swellHeight":1.7421551942825317,"windSeaHeight":2.420452117919922,"seaLevelPressure":1015.7000122070312,"windSeaHeight_w":2.420452117919922,"windSeaPeriod_w":8.044711112976074,"windSeaDir_w":50.0,"swell1Height":1.713079571723938,"swell1Period":10.210638999938965,"swell1Direction":40.0,"swell2Height":0.2791855037212372,"swell2Period":5.283352851867676,"swell2Direction":130.0}},{"type":"Feature","geometry":{"type":"Point","coordinates":[133.4,15.400000000000002]},"properties":{"model":"MRI3","waveHeight":2.9824600219726562,"wavePeriod":8.682969093322754,"peakPeriod":9.192388534545898,"waveDirection":40.0,"windSpeed":11.138818740844727,"windDirection":46.05485534667969,"swellHeight":1.5701042413711548,"windSeaHeight":2.535712957382202,"seaLevelPressure":1015.6000366210938,"windSeaHeight_w":2.535712957382202,"windSeaPeriod_w":8.296890258789062,"windSeaDir_w":50.0,"swell1Height":1.5416315793991089,"swell1Period":9.838827133178711,"swell1Direction":20.0,"swell2Height":0.24912086129188538,"swell2Period":5.455820083618164,"swell2Direction":130.0}},{"type":"Feature","geometry":{"type":"Point","coordinates":[134.2,15.400000000000002]},"properties":{"model":"MRI3","waveHeight":2.9141461849212646,"wavePeriod":8.557439804077148,"peakPeriod":9.192388534545898,"waveDirection":40.0,"windSpeed":11.160541534423828,"windDirection":42.63975524902344,"swellHeight":1.3688584566116333,"windSeaHeight":2.5726397037506104,"seaLevelPressure":1015.5,"windSeaHeight_w":2.5726397037506104,"windSeaPeriod_w":8.358879089355469,"windSeaDir_w":40.0,"swell1Height":1.274943470954895,"swell1Period":9.711627960205078,"swell1Direction":20.0,"swell2Height":0.4681425392627716,"swell2Period":6.355316638946533,"swell2Direction":110.0}},{"type":"Feature","geometry":{"type":"Point","coordinates":[115.8,16.2]},"properties":{"model":"MRI3","waveHeight":3.144216299057007,"wavePeriod":8.246894836425781,"peakPeriod":9.192388534545898,"waveDirection":50.0,"windSpeed":8.579428672790527,"windDirection":32.81950378417969,"swellHeight":2.5395634174346924,"windSeaHeight":1.8538377285003662,"seaLevelPressure":1017.1000366210938,"windSeaHeight_w":1.8538377285003662,"windSeaPeriod_w":6.3705596923828125,"windSeaDir_w":30.0,"swell1Height":2.4430301189422607,"swell1Period":9.534733772277832,"swell1Direction":50.0,"swell2Height":0.4798038601875305,"swell2Period":5.117057800292969,"swell2Direction":130.0}},{"type":"Feature","geometry":{"type":"Point","coordinates":[116.6,16.2]},"properties":{"model":"MRI3","waveHeight":3.25378680229187,"wavePeriod":8.247116088867188,"peakPeriod":9.192388534545898,"waveDirection":40.0,"windSpeed":9.233206748962402,"windDirection":29.95269775390625,"swellHeight":2.401366949081421,"windSeaHeight":2.1955783367156982,"seaLevelPressure":1016.7000122070312,"windSeaHeight_w":2.1955783367156982,"windSeaPeriod_w":6.87308931350708,"windSeaDir_w":30.0,"swell1Height":2.296360731124878,"swell1Period":9.768972396850586,"swell1Direction":40.0,"swell2Height":0.5445230007171631,"swell2Period":5.074357032775879,"swell2Direction":120.0}},{"type":"Feature","geometry":{"type":"Point","coordinates":[117.39999999999999,16.2]},"properties":{"model":"MRI3","waveHeight":3.1222589015960693,"wavePeriod":8.160738945007324,"peakPeriod":9.192388534545898,"waveDirection":30.0,"windSpeed":8.096622467041016,"windDirection":30.587539672851562,"swellHeight":2.5618467330932617,"windSeaHeight":1.7847802639007568,"seaLevelPressure":1016.2000122070312,"windSeaHeight_w":1.7847802639007568,"windSeaPeriod_w":6.169530391693115,"windSeaDir_w":30.0,"swell1Height":2.4782443046569824,"swell1Period":9.394421577453613,"swell1Direction":30.0,"swell2Height":0.4938252568244934,"swell2Period":5.054358005523682,"swell2Direction":110.0}},{"type":"Feature","geometry":{"type":"Point","coordinates":[118.2,16.2]},"properties":{"model":"MRI3","waveHeight":2.658757209777832,"wavePeriod":8.010296821594238,"peakPeriod":9.192388534545898,"waveDirection":20.0,"windSpeed":5.347597599029541,"windDirection":43.484588623046875,"swellHeight":2.5295820236206055,"windSeaHeight":0.8186601400375366,"seaLevelPressure":1015.5,"windSeaHeight_w":0.8186601400375366,"windSeaPeriod_w":4.569528102874756,"windSeaDir_w":40.0,"swell1Height":2.457113742828369,"swell1Period":8.559860229492188,"swell1Direction":20.0,"swell2Height":0.41339316964149475,"swell2Period":4.832212448120117,"swell2Direction":100.0}},{"type":"Feature","geometry":{"type":"Point","coordinates":[119.0,16.2]},"properties":{"model":"MRI3","waveHeight":1.9348509311676025,"wavePeriod":8.102561950683594,"peakPeriod":8.42945671081543,"waveDirection":10.0,"windSpeed":5.895709991455078,"windDirection":107.2670669555664,"swellHeight":1.8952773809432983,"windSeaHeight":0.3893219232559204,"seaLevelPressure":1015.4000244140625,"windSeaHeight_w":0.3893219232559204,"windSeaPeriod_w":4.337265968322754,"windSeaDir_w":100.0,"swell1Height":1.8620775938034058,"swell1Period":8.359293937683105,"swell1Direction":10.0,"swell2Height":0.3159397840499878,"swell2Period":5.409359455108643,"swell2Direction":280.0}},{"type":"Feature","geometry":{"type":"Point","coordinates":[122.2,16.2]},"properties":{"model":"MRI3","waveHeight":2.3052756786346436,"wavePeriod":9.094747543334961,"peakPeriod":10.024370193481445,"waveDirection":60.0,"windSpeed":8.057045936584473,"windDirection":13.932769775390625,"swellHeight":2.1140661239624023,"windSeaHeight":0.9192501902580261,"seaLevelPressure":1017.2999877929688,"windSeaHeight_w":0.9192501902580261,"windSeaPeriod_w":5.795509338378906,"windSeaDir_w":30.0,"swell1Height":2.110403060913086,"swell1Period":9.728195190429688,"swell1Direction":60.0,"swell2Height":0.09924295544624329,"swell2Period":6.35170316696167,"swell2Direction":130.0}},{"type":"Feature","geometry":{"type":"Point","coordinates":[123.0,16.2]},"properties":{"model":"MRI3","waveHeight":3.592808961868286,"wavePeriod":8.63746166229248,"peakPeriod":9.192388534545898,"waveDirection":40.0,"windSpeed":10.831089973449707,"windDirection":35.113372802734375,"swellHeight":2.0084328651428223,"windSeaHeight":2.9790055751800537,"seaLevelPressure":1016.6000366210938,"windSeaHeight_w":2.9790055751800537,"windSeaPeriod_w":8.059640884399414,"windSeaDir_w":40.0,"swell1Height":1.8503202199935913,"swell1Period":10.146492958068848,"swell1Direction":60.0,"swell2Height":0.6751570105552673,"swell2Period":9.691778182983398,"swell2Direction":10.0}},{"type":"Feature","geometry":{"type":"Point","coordinates":[123.8,16.2]},"properties":{"model":"MRI3","waveHeight":3.3356668949127197,"wavePeriod":8.895276069641113,"peakPeriod":9.192388534545898,"waveDirection":50.0,"windSpeed":11.603878021240234,"windDirection":51.648651123046875,"swellHeight":1.6357967853546143,"windSeaHeight":2.9070334434509277,"seaLevelPressure":1016.0,"windSeaHeight_w":2.9070334434509277,"windSeaPeriod_w":8.659333229064941,"windSeaDir_w":50.0,"swell1Height":1.5251904726028442,"swell1Period":10.040397644042969,"swell1Direction":30.0,"swell2Height":0.49385973811149597,"swell2Period":7.5576982498168945,"swell2Direction":120.0}},{"type":"Feature","geometry":{"type":"Point","coordinates":[124.6,16.2]},"properties":{"model":"MRI3","waveHeight":3.2402002811431885,"wavePeriod":8.851789474487305,"peakPeriod":9.192388534545898,"waveDirection":50.0,"windSpeed":11.678600311279297,"windDirection":57.41217041015625,"swellHeight":1.6425656080245972,"windSeaHeight":2.7930047512054443,"seaLevelPressure":1015.7999877929688,"windSeaHeight_w":2.7930047512054443,"windSeaPeriod_w":8.66540813446045,"windSeaDir_w":60.0,"swell1Height":1.5284563302993774,"swell1Period":9.389070510864258,"swell1Direction":10.0,"swell2Height":0.5020761489868164,"swell2Period":10.807671546936035,"swell2Direction":50.0}},{"type":"Feature","geometry":{"type":"Point","coordinates":[125.4,16.2]},"properties":{"model":"MRI3","waveHeight":3.0909621715545654,"wavePeriod":8.85783863067627,"peakPeriod":9.192388534545898,"waveDirection":50.0,"windSpeed":10.711348533630371,"windDirection":62.836891174316406,"swellHeight":1.8907556533813477,"windSeaHeight":2.4452176094055176,"seaLevelPressure":1015.9000244140625,"windSeaHeight_w":2.4452176094055176,"windSeaPeriod_w":8.318873405456543,"windSeaDir_w":60.0,"swell1Height":1.333255648612976,"swell1Period":9.93609619140625,"swell1Direction":50.0,"swell2Height":1.2533237934112549,"swell2Period":9.686826705932617,"swell2Direction":10.0}},{"type":"Feature","geometry":{"type":"Point","coordinates":[126.2,16.2]},"properties":{"model":"MRI3","waveHeight":2.926699161529541,"wavePeriod":8.858659744262695,"peakPeriod":9.192388534545898,"waveDirection":50.0,"windSpeed":8.713942527770996,"windDirection":64.7288818359375,"swellHeight":2.4784820079803467,"windSeaHeight":1.556500792503357,"seaLevelPressure":1015.9000244140625,"windSeaHeight_w":1.556500792503357,"windSeaPeriod_w":6.718452453613281,"windSeaDir_w":60.0,"swell1Height":1.9906752109527588,"swell1Period":10.025693893432617,"swell1Direction":60.0,"swell2Height":1.3940151929855347,"swell2Period":9.218008041381836,"swell2Direction":10.0}},{"type":"Feature","geometry":{"type":"Point","coordinates":[127.0,16.2]},"properties":{"model":"MRI3","waveHeight":2.8356268405914307,"wavePeriod":8.771547317504883,"peakPeriod":9.192388534545898,"waveDirection":50.0,"windSpeed":8.455394744873047,"windDirection":68.92843627929688,"swellHeight":2.454923629760742,"windSeaHeight":1.4192003011703491,"seaLevelPressure":1015.7999877929688,"windSeaHeight_w":1.4192003011703491,"windSeaPeriod_w":6.502481460571289,"windSeaDir_w":70.0,"swell1Height":1.9527251720428467,"swell1Period":9.990208625793457,"swell1Direction":60.0,"swell2Height":1.396762490272522,"swell2Period":8.865161895751953,"swell2Direction":10.0}},{"type":"Feature","geometry":{"type":"Point","coordinates":[127.8,16.2]},"properties":{"model":"MRI3","waveHeight":2.830937623977661,"wavePeriod":8.71351146697998,"peakPeriod":9.192388534545898,"waveDirection":50.0,"windSpeed":9.391639709472656,"windDirection":72.9735336303711,"swellHeight":2.200507640838623,"windSeaHeight":1.781003475189209,"seaLevelPressure":1015.7000122070312,"windSeaHeight_w":1.781003475189209,"windSeaPeriod_w":7.245334625244141,"windSeaDir_w":70.0,"swell1Height":1.9381520748138428,"swell1Period":10.081415176391602,"swell1Direction":50.0,"swell2Height":0.9283714890480042,"swell2Period":8.651453018188477,"swell2Direction":10.0}},{"type":"Feature","geometry":{"type":"Point","coordinates":[128.6,16.2]},"properties":{"model":"MRI3","waveHeight":2.967289924621582,"wavePeriod":8.573290824890137,"peakPeriod":9.192388534545898,"waveDirection":50.0,"windSpeed":11.006383895874023,"windDirection":73.26087951660156,"swellHeight":1.802504301071167,"windSeaHeight":2.357071876525879,"seaLevelPressure":1015.7999877929688,"windSeaHeight_w":2.357071876525879,"windSeaPeriod_w":8.004047393798828,"windSeaDir_w":70.0,"swell1Height":1.64207124710083,"swell1Period":9.923404693603516,"swell1Direction":30.0,"swell2Height":0.616931140422821,"swell2Period":8.378347396850586,"swell2Direction":0.0}},{"type":"Feature","geometry":{"type":"Point","coordinates":[129.4,16.2]},"properties":{"model":"MRI3","waveHeight":2.945918083190918,"wavePeriod":8.557329177856445,"peakPeriod":9.192388534545898,"waveDirection":50.0,"windSpeed":11.078325271606445,"windDirection":66.7674560546875,"swellHeight":1.8020256757736206,"windSeaHeight":2.3304800987243652,"seaLevelPressure":1016.2000122070312,"windSeaHeight_w":2.3304800987243652,"windSeaPeriod_w":7.9677252769470215,"windSeaDir_w":70.0,"swell1Height":1.7567039728164673,"swell1Period":9.707576751708984,"swell1Direction":30.0,"swell2Height":0.3391154408454895,"swell2Period":6.245280742645264,"swell2Direction":140.0}},{"type":"Feature","geometry":{"type":"Point","coordinates":[130.2,16.2]},"properties":{"model":"MRI3","waveHeight":2.870800256729126,"wavePeriod":8.622174263000488,"peakPeriod":9.192388534545898,"waveDirection":50.0,"windSpeed":10.47532844543457,"windDirection":60.86571502685547,"swellHeight":1.8138000965118408,"windSeaHeight":2.225224494934082,"seaLevelPressure":1016.4000244140625,"windSeaHeight_w":2.225224494934082,"windSeaPeriod_w":7.820153713226318,"windSeaDir_w":60.0,"swell1Height":1.7480247020721436,"swell1Period":10.088174819946289,"swell1Direction":40.0,"swell2Height":0.3706052899360657,"swell2Period":5.923789978027344,"swell2Direction":130.0}},{"type":"Feature","geometry":{"type":"Point","coordinates":[131.0,16.2]},"properties":{"model":"MRI3","waveHeight":2.8701565265655518,"wavePeriod":8.665265083312988,"peakPeriod":9.192388534545898,"waveDirection":50.0,"windSpeed":10.662101745605469,"windDirection":55.62432098388672,"swellHeight":1.6287589073181152,"windSeaHeight":2.363248348236084,"seaLevelPressure":1016.4000244140625,"windSeaHeight_w":2.363248348236084,"windSeaPeriod_w":8.2103910446167,"windSeaDir_w":60.0,"swell1Height":1.5960853099822998,"swell1Period":9.769107818603516,"swell1Direction":30.0,"swell2Height":0.28192138671875,"swell2Period":5.863531589508057,"swell2Direction":130.0}},{"type":"Feature","geometry":{"type":"Point","coordinates":[131.8,16.2]},"properties":{"model":"MRI3","waveHeight":2.889533758163452,"wavePeriod":8.685068130493164,"peakPeriod":9.192388534545898,"waveDirection":50.0,"windSpeed":10.480962753295898,"windDirection":51.04139709472656,"swellHeight":1.782618522644043,"windSeaHeight":2.274132013320923,"seaLevelPressure":1016.4000244140625,"windSeaHeight_w":2.274132013320923,"windSeaPeriod_w":7.921483993530273,"windSeaDir_w":50.0,"swell1Height":1.6804170608520508,"swell1Period":10.223112106323242,"swell1Direction":50.0,"swell2Height":0.4817578196525574,"swell2Period":8.273801803588867,"swell2Direction":0.0}},{"type":"Feature","geometry":{"type":"Point","coordinates":[132.6,16.2]},"properties":{"model":"MRI3","waveHeight":2.9059369564056396,"wavePeriod":8.674617767333984,"peakPeriod":9.192388534545898,"waveDirection":50.0,"windSpeed":10.528864860534668,"windDirection":49.699737548828125,"swellHeight":1.7378736734390259,"windSeaHeight":2.329005002975464,"seaLevelPressure":1016.4000244140625,"windSeaHeight_w":2.329005002975464,"windSeaPeriod_w":8.050154685974121,"windSeaDir_w":50.0,"swell1Height":1.6038799285888672,"swell1Period":10.189599990844727,"swell1Direction":40.0,"swell2Height":0.5713834166526794,"swell2Period":7.995234966278076,"swell2Direction":350.0}},{"type":"Feature","geometry":{"type":"Point","coordinates":[133.4,16.2]},"properties":{"model":"MRI3","waveHeight":2.926213502883911,"wavePeriod":8.619978904724121,"peakPeriod":9.192388534545898,"waveDirection":40.0,"windSpeed":10.709714889526367,"windDirection":46.58905029296875,"swellHeight":1.5928869247436523,"windSeaHeight":2.454676628112793,"seaLevelPressure":1016.2999877929688,"windSeaHeight_w":2.454676628112793,"windSeaPeriod_w":8.22629165649414,"windSeaDir_w":50.0,"swell1Height":1.5621602535247803,"swell1Period":9.70763111114502,"swell1Direction":30.0,"swell2Height":0.27670982480049133,"swell2Period":5.546631336212158,"swell2Direction":130.0}},{"type":"Feature","geometry":{"type":"Point","coordinates":[134.2,16.2]},"properties":{"model":"MRI3","waveHeight":2.9320926666259766,"wavePeriod":8.513725280761719,"peakPeriod":9.192388534545898,"waveDirection":40.0,"windSpeed":11.104022026062012,"windDirection":42.62773132324219,"swellHeight":1.5039321184158325,"windSeaHeight":2.5170130729675293,"seaLevelPressure":1016.2000122070312,"windSeaHeight_w":2.5170130729675293,"windSeaPeriod_w":8.206890106201172,"windSeaDir_w":40.0,"swell1Height":1.246392846107483,"swell1Period":9.863751411437988,"swell1Direction":60.0,"swell2Height":0.7660922408103943,"swell2Period":8.836372375488281,"swell2Direction":350.0}},{"type":"Feature","geometry":{"type":"Point","coordinates":[115.8,17.0]},"properties":{"model":"MRI3","waveHeight":3.2526018619537354,"wavePeriod":8.381059646606445,"peakPeriod":9.192388534545898,"waveDirection":50.0,"windSpeed":8.509112358093262,"windDirection":40.710845947265625,"swellHeight":2.6766741275787354,"windSeaHeight":1.8479273319244385,"seaLevelPressure":1017.5,"windSeaHeight_w":1.8479273319244385,"windSeaPeriod_w":6.331543445587158,"windSeaDir_w":40.0,"swell1Height":2.5508880615234375,"swell1Period":9.712376594543457,"swell1Direction":60.0,"swell2Height":0.5834081768989563,"swell2Period":5.378884315490723,"swell2Direction":130.0}},{"type":"Feature","geometry":{"type":"Point","coordinates":[116.6,17.0]},"properties":{"model":"MRI3","waveHeight":3.494480848312378,"wavePeriod":8.421625137329102,"peakPeriod":9.192388534545898,"waveDirection":50.0,"windSpeed":9.695049285888672,"windDirection":40.06285095214844,"swellHeight":2.429368257522583,"windSeaHeight":2.511884927749634,"seaLevelPressure":1017.2000122070312,"windSeaHeight_w":2.511884927749634,"windSeaPeriod_w":7.302654266357422,"windSeaDir_w":40.0,"swell1Height":2.3105199337005615,"swell1Period":10.039216995239258,"swell1Direction":60.0,"swell2Height":0.564811646938324,"swell2Period":5.2230224609375,"swell2Direction":130.0}},{"type":"Feature","geometry":{"type":"Point","coordinates":[117.39999999999999,17.0]},"properties":{"model":"MRI3","waveHeight":3.5723114013671875,"wavePeriod":8.351991653442383,"peakPeriod":9.192388534545898,"waveDirection":40.0,"windSpeed":10.135481834411621,"windDirection":40.03718566894531,"swellHeight":2.2503442764282227,"windSeaHeight":2.774411678314209,"seaLevelPressure":1016.7000122070312,"windSeaHeight_w":2.774411678314209,"windSeaPeriod_w":7.574671268463135,"windSeaDir_w":40.0,"swell1Height":2.08966064453125,"swell1Period":10.156046867370605,"swell1Direction":50.0,"swell2Height":0.6262098550796509,"swell2Period":5.255958080291748,"swell2Direction":120.0}},{"type":"Feature","geometry":{"type":"Point","coordinates":[118.2,17.0]},"properties":{"model":"MRI3","waveHeight":3.2187368869781494,"wavePeriod":8.190630912780762,"peakPeriod":9.192388534545898,"waveDirection":40.0,"windSpeed":8.204827308654785,"windDirection":43.617279052734375,"swellHeight":2.605952262878418,"windSeaHeight":1.8892539739608765,"seaLevelPressure":1016.1000366210938,"windSeaHeight_w":1.8892539739608765,"windSeaPeriod_w":6.2172040939331055,"windSeaDir_w":40.0,"swell1Height":2.5188586711883545,"swell1Period":9.50891399383545,"swell1Direction":30.0,"swell2Height":0.5488619804382324,"swell2Period":5.157293319702148,"swell2Direction":110.0}},{"type":"Feature","geometry":{"type":"Point","coordinates":[119.0,17.0]},"properties":{"model":"MRI3","waveHeight":2.5496296882629395,"wavePeriod":7.955585479736328,"peakPeriod":9.192388534545898,"waveDirection":30.0,"windSpeed":5.238368034362793,"windDirection":64.80470275878906,"swellHeight":2.4531681537628174,"windSeaHeight":0.6946778297424316,"seaLevelPressure":1015.7000122070312,"windSeaHeight_w":0.6946778297424316,"windSeaPeriod_w":4.441512107849121,"windSeaDir_w":60.0,"swell1Height":2.39776349067688,"swell1Period":8.383943557739258,"swell1Direction":20.0,"swell2Height":0.36234596371650696,"swell2Period":5.507728576660156,"swell2Direction":90.0}},{"type":"Feature","geometry":{"type":"Point","coordinates":[119.8,17.0]},"properties":{"model":"MRI3","waveHeight":1.5478088855743408,"wavePeriod":7.993927001953125,"peakPeriod":8.42945671081543,"waveDirection":10.0,"windSpeed":0.7971197962760925,"windDirection":70.20112609863281,"swellHeight":1.5478088855743408,"windSeaHeight":0.0,"seaLevelPressure":1015.5,"windSeaHeight_w":0.0,"windSeaPeriod_w":2.0,"windSeaDir_w":null,"swell1Height":1.5289061069488525,"swell1Period":8.068934440612793,"swell1Direction":10.0,"swell2Height":0.1985195428133011,"swell2Period":4.876095294952393,"swell2Direction":280.0}},{"type":"Feature","geometry":{"type":"Point","coordinates":[123.0,17.0]},"properties":{"model":"MRI3","waveHeight":3.7141330242156982,"wavePeriod":8.666887283325195,"peakPeriod":9.192388534545898,"waveDirection":50.0,"windSpeed":9.94253921508789,"windDirection":39.24481201171875,"swellHeight":2.6068739891052246,"windSeaHeight":2.6455607414245605,"seaLevelPressure":1017.9000244140625,"windSeaHeight_w":2.6455607414245605,"windSeaPeriod_w":7.465377330780029,"windSeaDir_w":40.0,"swell1Height":2.424556016921997,"swell1Period":10.007950782775879,"swell1Direction":70.0,"swell2Height":0.775665283203125,"swell2Period":10.275863647460938,"swell2Direction":10.0}},{"type":"Feature","geometry":{"type":"Point","coordinates":[123.8,17.0]},"properties":{"model":"MRI3","waveHeight":3.7841429710388184,"wavePeriod":8.741765022277832,"peakPeriod":9.192388534545898,"waveDirection":50.0,"windSpeed":11.930703163146973,"windDirection":51.91021728515625,"swellHeight":1.7650266885757446,"windSeaHeight":3.3473002910614014,"seaLevelPressure":1017.1000366210938,"windSeaHeight_w":3.3473002910614014,"windSeaPeriod_w":8.587254524230957,"windSeaDir_w":50.0,"swell1Height":1.5026092529296875,"swell1Period":9.861329078674316,"swell1Direction":60.0,"swell2Height":0.7567008137702942,"swell2Period":8.889219284057617,"swell2Direction":0.0}},{"type":"Feature","geometry":{"type":"Point","coordinates":[124.6,17.0]},"properties":{"model":"MRI3","waveHeight":3.891105890274048,"wavePeriod":8.550639152526855,"peakPeriod":9.192388534545898,"waveDirection":50.0,"windSpeed":12.763654708862305,"windDirection":55.11463165283203,"swellHeight":1.664846658706665,"windSeaHeight":3.5169575214385986,"seaLevelPressure":1016.9000244140625,"windSeaHeight_w":3.5169575214385986,"windSeaPeriod_w":8.570266723632812,"windSeaDir_w":60.0,"swell1Height":1.5521736145019531,"swell1Period":8.700722694396973,"swell1Direction":0.0,"swell2Height":0.5286791324615479,"swell2Period":7.405937671661377,"swell2Direction":120.0}},{"type":"Feature","geometry":{"type":"Point","coordinates":[125.4,17.0]},"properties":{"model":"MRI3","waveHeight":3.591623544692993,"wavePeriod":8.720914840698242,"peakPeriod":9.192388534545898,"waveDirection":50.0,"windSpeed":12.344472885131836,"windDirection":58.988494873046875,"swellHeight":1.6472214460372925,"windSeaHeight":3.191617250442505,"seaLevelPressure":1016.7999877929688,"windSeaHeight_w":3.191617250442505,"windSeaPeriod_w":8.70609188079834,"windSeaDir_w":60.0,"swell1Height":1.5543619394302368,"swell1Period":9.008441925048828,"swell1Direction":10.0,"swell2Height":0.5046868324279785,"swell2Period":7.072159290313721,"swell2Direction":130.0}},{"type":"Feature","geometry":{"type":"Point","coordinates":[126.2,17.0]},"properties":{"model":"MRI3","waveHeight":3.450512170791626,"wavePeriod":8.704903602600098,"peakPeriod":9.192388534545898,"waveDirection":50.0,"windSpeed":11.370505332946777,"windDirection":59.33007049560547,"swellHeight":1.8326481580734253,"windSeaHeight":2.9235994815826416,"seaLevelPressure":1016.7000122070312,"windSeaHeight_w":2.9235994815826416,"windSeaPeriod_w":8.50123405456543,"windSeaDir_w":60.0,"swell1Height":1.701528787612915,"swell1Period":9.396580696105957,"swell1Direction":20.0,"swell2Height":0.492549329996109,"swell2Period":9.806501388549805,"swell2Direction":70.0}},{"type":"Feature","geometry":{"type":"Point","coordinates":[127.0,17.0]},"properties":{"model":"MRI3","waveHeight":3.3071935176849365,"wavePeriod":8.646085739135742,"peakPeriod":9.192388534545898,"waveDirection":50.0,"windSpeed":11.963385581970215,"windDirection":57.14680480957031,"swellHeight":1.576125979423523,"windSeaHeight":2.9074654579162598,"seaLevelPressure":1016.5,"windSeaHeight_w":2.9074654579162598,"windSeaPeriod_w":8.557689666748047,"windSeaDir_w":60.0,"swell1Height":1.4262813329696655,"swell1Period":9.117022514343262,"swell1Direction":10.0,"swell2Height":0.47911202907562256,"swell2Period":9.92648696899414,"swell2Direction":80.0}},{"type":"Feature","geometry":{"type":"Point","coordinates":[127.8,17.0]},"properties":{"model":"MRI3","waveHeight":3.182635545730591,"wavePeriod":8.609673500061035,"peakPeriod":9.192388534545898,"waveDirection":50.0,"windSpeed":11.587687492370605,"windDirection":61.776275634765625,"swellHeight":1.5575355291366577,"windSeaHeight":2.7754733562469482,"seaLevelPressure":1016.4000244140625,"windSeaHeight_w":2.7754733562469482,"windSeaPeriod_w":8.468564987182617,"windSeaDir_w":60.0,"swell1Height":1.4010931253433228,"swell1Period":9.206997871398926,"swell1Direction":10.0,"swell2Height":0.46408629417419434,"swell2Period":10.218101501464844,"swell2Direction":70.0}},{"type":"Feature","geometry":{"type":"Point","coordinates":[128.6,17.0]},"properties":{"model":"MRI3","waveHeight":3.130936622619629,"wavePeriod":8.54668140411377,"peakPeriod":9.192388534545898,"waveDirection":50.0,"windSpeed":11.463419914245605,"windDirection":66.34201049804688,"swellHeight":1.7882341146469116,"windSeaHeight":2.5700161457061768,"seaLevelPressure":1016.5,"windSeaHeight_w":2.5700161457061768,"windSeaPeriod_w":8.28771686553955,"windSeaDir_w":60.0,"swell1Height":1.1014212369918823,"swell1Period":9.12789249420166,"swell1Direction":20.0,"swell2Height":0.9913927316665649,"swell2Period":9.848349571228027,"swell2Direction":30.0}},{"type":"Feature","geometry":{"type":"Point","coordinates":[129.4,17.0]},"properties":{"model":"MRI3","waveHeight":3.057882785797119,"wavePeriod":8.491608619689941,"peakPeriod":9.192388534545898,"waveDirection":50.0,"windSpeed":11.771236419677734,"windDirection":64.00092315673828,"swellHeight":1.4140011072158813,"windSeaHeight":2.7113184928894043,"seaLevelPressure":1016.7000122070312,"windSeaHeight_w":2.7113184928894043,"windSeaPeriod_w":8.409939765930176,"windSeaDir_w":60.0,"swell1Height":1.0933520793914795,"swell1Period":9.019197463989258,"swell1Direction":20.0,"swell2Height":0.7184193134307861,"swell2Period":8.84123420715332,"swell2Direction":0.0}},{"type":"Feature","geometry":{"type":"Point","coordinates":[130.2,17.0]},"properties":{"model":"MRI3","waveHeight":2.947742223739624,"wavePeriod":8.523850440979004,"peakPeriod":9.192388534545898,"waveDirection":50.0,"windSpeed":11.38717269897461,"windDirection":57.37059783935547,"swellHeight":1.4984753131866455,"windSeaHeight":2.5384554862976074,"seaLevelPressure":1017.0,"windSeaHeight_w":2.5384554862976074,"windSeaPeriod_w":8.315119743347168,"windSeaDir_w":60.0,"swell1Height":1.4277312755584717,"swell1Period":9.279129028320312,"swell1Direction":20.0,"swell2Height":0.23584678769111633,"swell2Period":11.692191123962402,"swell2Direction":20.0}},{"type":"Feature","geometry":{"type":"Point","coordinates":[131.0,17.0]},"properties":{"model":"MRI3","waveHeight":2.891361951828003,"wavePeriod":8.563051223754883,"peakPeriod":9.192388534545898,"waveDirection":50.0,"windSpeed":10.986473083496094,"windDirection":53.66205596923828,"swellHeight":1.5210939645767212,"windSeaHeight":2.458911657333374,"seaLevelPressure":1017.1000366210938,"windSeaHeight_w":2.458911657333374,"windSeaPeriod_w":8.181163787841797,"windSeaDir_w":50.0,"swell1Height":1.3009611368179321,"swell1Period":10.427995681762695,"swell1Direction":50.0,"swell2Height":0.7035293579101562,"swell2Period":7.55345344543457,"swell2Direction":330.0}},{"type":"Feature","geometry":{"type":"Point","coordinates":[131.8,17.0]},"properties":{"model":"MRI3","waveHeight":2.8583950996398926,"wavePeriod":8.597149848937988,"peakPeriod":9.192388534545898,"waveDirection":50.0,"windSpeed":10.60464096069336,"windDirection":50.817047119140625,"swellHeight":1.637086272239685,"windSeaHeight":2.343154191970825,"seaLevelPressure":1017.2000122070312,"windSeaHeight_w":2.343154191970825,"windSeaPeriod_w":8.014032363891602,"windSeaDir_w":50.0,"swell1Height":1.5231868028640747,"swell1Period":10.12621784210205,"swell1Direction":50.0,"swell2Height":0.5395212769508362,"swell2Period":7.940231800079346,"swell2Direction":350.0}},{"type":"Feature","geometry":{"type":"Point","coordinates":[132.6,17.0]},"properties":{"model":"MRI3","waveHeight":2.8520939350128174,"wavePeriod":8.610130310058594,"peakPeriod":9.192388534545898,"waveDirection":50.0,"windSpeed":10.215404510498047,"windDirection":49.08845520019531,"swellHeight":1.862627625465393,"windSeaHeight":2.159874439239502,"seaLevelPressure":1017.2000122070312,"windSeaHeight_w":2.159874439239502,"windSeaPeriod_w":7.742167949676514,"windSeaDir_w":50.0,"swell1Height":1.746408462524414,"swell1Period":10.074735641479492,"swell1Direction":50.0,"swell2Height":0.5970272421836853,"swell2Period":7.817667007446289,"swell2Direction":350.0}},{"type":"Feature","geometry":{"type":"Point","coordinates":[133.4,17.0]},"properties":{"model":"MRI3","waveHeight":2.86938738822937,"wavePeriod":8.608061790466309,"peakPeriod":9.192388534545898,"waveDirection":50.0,"windSpeed":10.388387680053711,"windDirection":48.74664306640625,"swellHeight":1.793344259262085,"windSeaHeight":2.2399330139160156,"seaLevelPressure":1017.1000366210938,"windSeaHeight_w":2.2399330139160156,"windSeaPeriod_w":7.915796756744385,"windSeaDir_w":50.0,"swell1Height":1.7292708158493042,"swell1Period":9.922221183776855,"swell1Direction":40.0,"swell2Height":0.41643083095550537,"swell2Period":6.821880340576172,"swell2Direction":320.0}},{"type":"Feature","geometry":{"type":"Point","coordinates":[134.2,17.0]},"properties":{"model":"MRI3","waveHeight":2.9132838249206543,"wavePeriod":8.59795093536377,"peakPeriod":9.192388534545898,"waveDirection":50.0,"windSpeed":10.557295799255371,"windDirection":45.34539794921875,"swellHeight":1.7486850023269653,"windSeaHeight":2.3300909996032715,"seaLevelPressure":1016.9000244140625,"windSeaHeight_w":2.3300909996032715,"windSeaPeriod_w":8.029276847839355,"windSeaDir_w":50.0,"swell1Height":1.6679648160934448,"swell1Period":9.904390335083008,"swell1Direction":40.0,"swell2Height":0.4510824680328369,"swell2Period":6.907013416290283,"swell2Direction":320.0}},{"type":"Feature","geometry":{"type":"Point","coordinates":[115.8,17.8]},"properties":{"model":"MRI3","waveHeight":3.385960340499878,"wavePeriod":8.524413108825684,"peakPeriod":10.024370193481445,"waveDirection":60.0,"windSpeed":9.064148902893066,"windDirection":52.80140686035156,"swellHeight":2.598452091217041,"windSeaHeight":2.1708924770355225,"seaLevelPressure":1018.1000366210938,"windSeaHeight_w":2.1708924770355225,"windSeaPeriod_w":6.862396240234375,"windSeaDir_w":50.0,"swell1Height":2.480417251586914,"swell1Period":10.059829711914062,"swell1Direction":70.0,"swell2Height":0.6016080975532532,"swell2Period":5.280699253082275,"swell2Direction":140.0}},{"type":"Feature","geometry":{"type":"Point","coordinates":[116.6,17.8]},"properties":{"model":"MRI3","waveHeight":3.70721435546875,"wavePeriod":8.582596778869629,"peakPeriod":10.024370193481445,"waveDirection":60.0,"windSpeed":9.558184623718262,"windDirection":49.79533386230469,"swellHeight":2.743798017501831,"windSeaHeight":2.492992639541626,"seaLevelPressure":1017.7999877929688,"windSeaHeight_w":2.492992639541626,"windSeaPeriod_w":7.139531135559082,"windSeaDir_w":50.0,"swell1Height":2.6208372116088867,"swell1Period":10.15164852142334,"swell1Direction":60.0,"swell2Height":0.6066511273384094,"swell2Period":5.26193904876709,"swell2Direction":140.0}},{"type":"Feature","geometry":{"type":"Point","coordinates":[117.39999999999999,17.8]},"properties":{"model":"MRI3","waveHeight":3.920675277709961,"wavePeriod":8.558968544006348,"peakPeriod":10.024370193481445,"waveDirection":60.0,"windSpeed":10.96927547454834,"windDirection":49.73297119140625,"swellHeight":2.0606019496917725,"windSeaHeight":3.335508108139038,"seaLevelPressure":1017.4000244140625,"windSeaHeight_w":3.335508108139038,"windSeaPeriod_w":8.202322959899902,"windSeaDir_w":50.0,"swell1Height":1.8409509658813477,"swell1Period":10.366384506225586,"swell1Direction":60.0,"swell2Height":0.6899704933166504,"swell2Period":6.623070240020752,"swell2Direction":320.0}},{"type":"Feature","geometry":{"type":"Point","coordinates":[118.2,17.8]},"properties":{"model":"MRI3","waveHeight":3.9013805389404297,"wavePeriod":8.455037117004395,"peakPeriod":9.192388534545898,"waveDirection":50.0,"windSpeed":12.071155548095703,"windDirection":54.44025421142578,"swellHeight":1.5045218467712402,"windSeaHeight":3.599608898162842,"seaLevelPressure":1016.9000244140625,"windSeaHeight_w":3.599608898162842,"windSeaPeriod_w":8.451194763183594,"windSeaDir_w":50.0,"swell1Height":1.0917679071426392,"swell1Period":10.207597732543945,"swell1Direction":40.0,"swell2Height":0.6765465140342712,"swell2Period":7.504674434661865,"swell2Direction":340.0}},{"type":"Feature","geometry":{"type":"Point","coordinates":[119.0,17.8]},"properties":{"model":"MRI3","waveHeight":3.5199685096740723,"wavePeriod":8.164695739746094,"peakPeriod":9.192388534545898,"waveDirection":40.0,"windSpeed":11.57178020477295,"windDirection":56.95537567138672,"swellHeight":1.6880414485931396,"windSeaHeight":3.088801622390747,"seaLevelPressure":1016.4000244140625,"windSeaHeight_w":3.088801622390747,"windSeaPeriod_w":7.976876258850098,"windSeaDir_w":50.0,"swell1Height":1.6279877424240112,"swell1Period":9.071592330932617,"swell1Direction":10.0,"swell2Height":0.3847287893295288,"swell2Period":4.990970611572266,"swell2Direction":140.0}},{"type":"Feature","geometry":{"type":"Point","coordinates":[119.8,17.8]},"properties":{"model":"MRI3","waveHeight":2.4142160415649414,"wavePeriod":7.829751968383789,"peakPeriod":9.192388534545898,"waveDirection":30.0,"windSpeed":8.731093406677246,"windDirection":56.01873016357422,"swellHeight":1.9317563772201538,"windSeaHeight":1.4480180740356445,"seaLevelPressure":1016.1000366210938,"windSeaHeight_w":1.4480180740356445,"windSeaPeriod_w":6.1165452003479,"windSeaDir_w":50.0,"swell1Height":1.914536952972412,"swell1Period":8.866410255432129,"swell1Direction":20.0,"swell2Height":0.12143756449222565,"swell2Period":4.5652594566345215,"swell2Direction":120.0}},{"type":"Feature","geometry":{"type":"Point","coordinates":[122.2,17.8]},"properties":{"model":"MRI3","waveHeight":2.581202507019043,"wavePeriod":9.078720092773438,"peakPeriod":9.192388534545898,"waveDirection":70.0,"windSpeed":4.35197639465332,"windDirection":39.87300109863281,"swellHeight":2.559213638305664,"windSeaHeight":0.3362036347389221,"seaLevelPressure":1019.7000122070312,"windSeaHeight_w":0.3362036347389221,"windSeaPeriod_w":4.034200668334961,"windSeaDir_w":40.0,"swell1Height":2.541715383529663,"swell1Period":9.213661193847656,"swell1Direction":70.0,"swell2Height":0.2854281961917877,"swell2Period":5.478907108306885,"swell2Direction":130.0}},{"type":"Feature","geometry":{"type":"Point","coordinates":[123.0,17.8]},"properties":{"model":"MRI3","waveHeight":3.792459487915039,"wavePeriod":8.665573120117188,"peakPeriod":9.192388534545898,"waveDirection":60.0,"windSpeed":10.880597114562988,"windDirection":46.78759765625,"swellHeight":2.2797536849975586,"windSeaHeight":3.030754327774048,"seaLevelPressure":1018.7000122070312,"windSeaHeight_w":3.030754327774048,"windSeaPeriod_w":8.11217975616455,"windSeaDir_w":50.0,"swell1Height":2.0303120613098145,"swell1Period":9.959779739379883,"swell1Direction":70.0,"swell2Height":0.9100267887115479,"swell2Period":9.376266479492188,"swell2Direction":10.0}},{"type":"Feature","geometry":{"type":"Point","coordinates":[123.8,17.8]},"properties":{"model":"MRI3","waveHeight":4.031735420227051,"wavePeriod":8.545340538024902,"peakPeriod":9.192388534545898,"waveDirection":60.0,"windSpeed":12.191296577453613,"windDirection":50.89247131347656,"swellHeight":1.8331483602523804,"windSeaHeight":3.5908851623535156,"seaLevelPressure":1018.2000122070312,"windSeaHeight_w":3.5908851623535156,"windSeaPeriod_w":8.50129508972168,"windSeaDir_w":50.0,"swell1Height":1.504497766494751,"swell1Period":9.391377449035645,"swell1Direction":80.0,"swell2Height":0.9177910685539246,"swell2Period":7.898977756500244,"swell2Direction":340.0}},{"type":"Feature","geometry":{"type":"Point","coordinates":[124.6,17.8]},"properties":{"model":"MRI3","waveHeight":3.979790210723877,"wavePeriod":8.458760261535645,"peakPeriod":9.192388534545898,"waveDirection":60.0,"windSpeed":12.072000503540039,"windDirection":53.14909362792969,"swellHeight":1.9307233095169067,"windSeaHeight":3.4800918102264404,"seaLevelPressure":1018.0,"windSeaHeight_w":3.4800918102264404,"windSeaPeriod_w":8.315991401672363,"windSeaDir_w":50.0,"swell1Height":1.5857036113739014,"swell1Period":9.682029724121094,"swell1Direction":80.0,"swell2Height":0.9807543754577637,"swell2Period":7.841291904449463,"swell2Direction":340.0}},{"type":"Feature","geometry":{"type":"Point","coordinates":[125.4,17.8]},"properties":{"model":"MRI3","waveHeight":3.8756144046783447,"wavePeriod":8.406946182250977,"peakPeriod":9.192388534545898,"waveDirection":60.0,"windSpeed":11.910067558288574,"windDirection":55.709510803222656,"swellHeight":1.8361737728118896,"windSeaHeight":3.413041353225708,"seaLevelPressure":1017.9000244140625,"windSeaHeight_w":3.413041353225708,"windSeaPeriod_w":8.349350929260254,"windSeaDir_w":60.0,"swell1Height":1.6373010873794556,"swell1Period":8.865175247192383,"swell1Direction":20.0,"swell2Height":0.5739885568618774,"swell2Period":9.34795093536377,"swell2Direction":100.0}},{"type":"Feature","geometry":{"type":"Point","coordinates":[126.2,17.8]},"properties":{"model":"MRI3","waveHeight":3.781532049179077,"wavePeriod":8.348944664001465,"peakPeriod":9.192388534545898,"waveDirection":60.0,"windSpeed":12.037026405334473,"windDirection":56.17792510986328,"swellHeight":1.7610243558883667,"windSeaHeight":3.3464574813842773,"seaLevelPressure":1017.7000122070312,"windSeaHeight_w":3.3464574813842773,"windSeaPeriod_w":8.294981002807617,"windSeaDir_w":60.0,"swell1Height":1.5579665899276733,"swell1Period":8.842897415161133,"swell1Direction":20.0,"swell2Height":0.5431618690490723,"swell2Period":9.281290054321289,"swell2Direction":100.0}},{"type":"Feature","geometry":{"type":"Point","coordinates":[127.0,17.8]},"properties":{"model":"MRI3","waveHeight":3.5489346981048584,"wavePeriod":8.38847827911377,"peakPeriod":9.192388534545898,"waveDirection":60.0,"windSpeed":12.01374626159668,"windDirection":58.651832580566406,"swellHeight":1.6373827457427979,"windSeaHeight":3.148637056350708,"seaLevelPressure":1017.5,"windSeaHeight_w":3.148637056350708,"windSeaPeriod_w":8.331296920776367,"windSeaDir_w":60.0,"swell1Height":1.4606068134307861,"swell1Period":8.864618301391602,"swell1Direction":10.0,"swell2Height":0.4831854999065399,"swell2Period":9.418416976928711,"swell2Direction":100.0}},{"type":"Feature","geometry":{"type":"Point","coordinates":[127.8,17.8]},"properties":{"model":"MRI3","waveHeight":3.3448357582092285,"wavePeriod":8.504886627197266,"peakPeriod":9.192388534545898,"waveDirection":50.0,"windSpeed":12.309122085571289,"windDirection":61.04035186767578,"swellHeight":1.4764658212661743,"windSeaHeight":3.001328945159912,"seaLevelPressure":1017.4000244140625,"windSeaHeight_w":3.001328945159912,"windSeaPeriod_w":8.522024154663086,"windSeaDir_w":60.0,"swell1Height":1.3018585443496704,"swell1Period":8.619951248168945,"swell1Direction":0.0,"swell2Height":0.3829360604286194,"swell2Period":10.495853424072266,"swell2Direction":50.0}},{"type":"Feature","geometry":{"type":"Point","coordinates":[128.6,17.8]},"properties":{"model":"MRI3","waveHeight":3.2420127391815186,"wavePeriod":8.443418502807617,"peakPeriod":9.192388534545898,"waveDirection":50.0,"windSpeed":12.602352142333984,"windDirection":61.930198669433594,"swellHeight":1.3351435661315918,"windSeaHeight":2.9543251991271973,"seaLevelPressure":1017.4000244140625,"windSeaHeight_w":2.9543251991271973,"windSeaPeriod_w":8.470739364624023,"windSeaDir_w":60.0,"swell1Height":1.2153280973434448,"swell1Period":8.563295364379883,"swell1Direction":0.0,"swell2Height":0.19766302406787872,"swell2Period":11.463401794433594,"swell2Direction":60.0}},{"type":"Feature","geometry":{"type":"Point","coordinates":[129.4,17.8]},"properties":{"model":"MRI3","waveHeight":3.119558334350586,"wavePeriod":8.402176856994629,"peakPeriod":9.192388534545898,"waveDirection":50.0,"windSpeed":12.244124412536621,"windDirection":61.99082946777344,"swellHeight":1.363663673400879,"windSeaHeight":2.805720090866089,"seaLevelPressure":1017.6000366210938,"windSeaHeight_w":2.805720090866089,"windSeaPeriod_w":8.416557312011719,"windSeaDir_w":60.0,"swell1Height":1.2366516590118408,"swell1Period":8.475168228149414,"swell1Direction":0.0,"swell2Height":0.283934623003006,"swell2Period":10.28225326538086,"swell2Direction":50.0}},{"type":"Feature","geometry":{"type":"Point","coordinates":[130.2,17.8]},"properties":{"model":"MRI3","waveHeight":2.9884462356567383,"wavePeriod":8.413459777832031,"peakPeriod":9.192388534545898,"waveDirection":50.0,"windSpeed":11.625152587890625,"windDirection":58.29241180419922,"swellHeight":1.384136438369751,"windSeaHeight":2.648580312728882,"seaLevelPressure":1017.7999877929688,"windSeaHeight_w":2.648580312728882,"windSeaPeriod_w":8.344524383544922,"windSeaDir_w":60.0,"swell1Height":1.1564266681671143,"swell1Period":9.02634048461914,"swell1Direction":20.0,"swell2Height":0.6557087302207947,"swell2Period":8.284584045410156,"swell2Direction":350.0}},{"type":"Feature","geometry":{"type":"Point","coordinates":[131.0,17.8]},"properties":{"model":"MRI3","waveHeight":2.8943376541137695,"wavePeriod":8.44303035736084,"peakPeriod":9.192388534545898,"waveDirection":50.0,"windSpeed":11.178930282592773,"windDirection":51.428253173828125,"swellHeight":1.3695558309555054,"windSeaHeight":2.5498054027557373,"seaLevelPressure":1017.9000244140625,"windSeaHeight_w":2.5498054027557373,"windSeaPeriod_w":8.284238815307617,"windSeaDir_w":50.0,"swell1Height":1.0630780458450317,"swell1Period":9.922687530517578,"swell1Direction":60.0,"swell2Height":0.7972868084907532,"swell2Period":7.727160930633545,"swell2Direction":340.0}},{"type":"Feature","geometry":{"type":"Point","coordinates":[131.8,17.8]},"properties":{"model":"MRI3","waveHeight":2.8450615406036377,"wavePeriod":8.471236228942871,"peakPeriod":9.192388534545898,"waveDirection":50.0,"windSpeed":10.855104446411133,"windDirection":45.7838134765625,"swellHeight":1.526709794998169,"windSeaHeight":2.40073561668396,"seaLevelPressure":1017.9000244140625,"windSeaHeight_w":2.40073561668396,"windSeaPeriod_w":8.100383758544922,"windSeaDir_w":50.0,"swell1Height":1.2295963764190674,"swell1Period":10.385302543640137,"swell1Direction":60.0,"swell2Height":0.868110716342926,"swell2Period":7.667445182800293,"swell2Direction":340.0}},{"type":"Feature","geometry":{"type":"Point","coordinates":[132.6,17.8]},"properties":{"model":"MRI3","waveHeight":2.851210594177246,"wavePeriod":8.486786842346191,"peakPeriod":9.192388534545898,"waveDirection":50.0,"windSpeed":10.889775276184082,"windDirection":44.553558349609375,"swellHeight":1.5527338981628418,"windSeaHeight":2.3913216590881348,"seaLevelPressure":1017.7999877929688,"windSeaHeight_w":2.3913216590881348,"windSeaPeriod_w":8.03610610961914,"windSeaDir_w":40.0,"swell1Height":1.3861608505249023,"swell1Period":10.055458068847656,"swell1Direction":70.0,"swell2Height":0.6578605771064758,"swell2Period":7.743902683258057,"swell2Direction":330.0}},{"type":"Feature","geometry":{"type":"Point","coordinates":[133.4,17.8]},"properties":{"model":"MRI3","waveHeight":2.8581414222717285,"wavePeriod":8.501850128173828,"peakPeriod":9.192388534545898,"waveDirection":50.0,"windSpeed":10.791570663452148,"windDirection":45.82597351074219,"swellHeight":1.575818657875061,"windSeaHeight":2.3844847679138184,"seaLevelPressure":1017.7999877929688,"windSeaHeight_w":2.3844847679138184,"windSeaPeriod_w":8.134727478027344,"windSeaDir_w":50.0,"swell1Height":1.4240028858184814,"swell1Period":9.875224113464355,"swell1Direction":50.0,"swell2Height":0.6269587278366089,"swell2Period":7.154671669006348,"swell2Direction":320.0}},{"type":"Feature","geometry":{"type":"Point","coordinates":[134.2,17.8]},"properties":{"model":"MRI3","waveHeight":2.8234498500823975,"wavePeriod":8.470903396606445,"peakPeriod":9.192388534545898,"waveDirection":50.0,"windSpeed":10.668570518493652,"windDirection":43.1768798828125,"swellHeight":1.5745983123779297,"windSeaHeight":2.3436102867126465,"seaLevelPressure":1017.6000366210938,"windSeaHeight_w":2.3436102867126465,"windSeaPeriod_w":8.031905174255371,"windSeaDir_w":40.0,"swell1Height":1.473941683769226,"swell1Period":9.837191581726074,"swell1Direction":60.0,"swell2Height":0.4788808524608612,"swell2Period":6.89677095413208,"swell2Direction":310.0}},{"type":"Feature","geometry":{"type":"Point","coordinates":[115.8,18.6]},"properties":{"model":"MRI3","waveHeight":3.531507968902588,"wavePeriod":8.642244338989258,"peakPeriod":10.024370193481445,"waveDirection":70.0,"windSpeed":9.132381439208984,"windDirection":63.883880615234375,"swellHeight":2.735234260559082,"windSeaHeight":2.233840227127075,"seaLevelPressure":1018.7000122070312,"windSeaHeight_w":2.233840227127075,"windSeaPeriod_w":6.893385410308838,"windSeaDir_w":60.0,"swell1Height":2.617332696914673,"swell1Period":10.146625518798828,"swell1Direction":70.0,"swell2Height":0.5274426341056824,"swell2Period":6.994877338409424,"swell2Direction":320.0}},{"type":"Feature","geometry":{"type":"Point","coordinates":[116.6,18.6]},"properties":{"model":"MRI3","waveHeight":3.892439603805542,"wavePeriod":8.705294609069824,"peakPeriod":10.024370193481445,"waveDirection":70.0,"windSpeed":10.1112060546875,"windDirection":61.78752136230469,"swellHeight":2.700512170791626,"windSeaHeight":2.803269386291504,"seaLevelPressure":1018.5,"windSeaHeight_w":2.803269386291504,"windSeaPeriod_w":7.545252799987793,"windSeaDir_w":60.0,"swell1Height":2.5674142837524414,"swell1Period":10.36790943145752,"swell1Direction":70.0,"swell2Height":0.5955541133880615,"swell2Period":5.345818519592285,"swell2Direction":150.0}},{"type":"Feature","geometry":{"type":"Point","coordinates":[117.39999999999999,18.6]},"properties":{"model":"MRI3","waveHeight":4.112646579742432,"wavePeriod":8.727048873901367,"peakPeriod":10.024370193481445,"waveDirection":70.0,"windSpeed":11.187582015991211,"windDirection":61.373199462890625,"swellHeight":2.094963788986206,"windSeaHeight":3.5390660762786865,"seaLevelPressure":1018.2999877929688,"windSeaHeight_w":3.5390660762786865,"windSeaPeriod_w":8.447616577148438,"windSeaDir_w":60.0,"swell1Height":1.7766586542129517,"swell1Period":10.112632751464844,"swell1Direction":80.0,"swell2Height":0.7088356018066406,"swell2Period":9.323471069335938,"swell2Direction":30.0}},{"type":"Feature","geometry":{"type":"Point","coordinates":[118.2,18.6]},"properties":{"model":"MRI3","waveHeight":4.205732345581055,"wavePeriod":8.702412605285645,"peakPeriod":10.024370193481445,"waveDirection":60.0,"windSpeed":12.891873359680176,"windDirection":62.162811279296875,"swellHeight":1.4282066822052002,"windSeaHeight":3.9558069705963135,"seaLevelPressure":1018.0,"windSeaHeight_w":3.9558069705963135,"windSeaPeriod_w":8.777105331420898,"windSeaDir_w":60.0,"swell1Height":0.8528704047203064,"swell1Period":11.1204833984375,"swell1Direction":60.0,"swell2Height":0.822150707244873,"swell2Period":6.695849418640137,"swell2Direction":340.0}},{"type":"Feature","geometry":{"type":"Point","coordinates":[119.0,18.6]},"properties":{"model":"MRI3","waveHeight":4.148094177246094,"wavePeriod":8.582457542419434,"peakPeriod":9.192388534545898,"waveDirection":60.0,"windSpeed":14.736518859863281,"windDirection":64.04354095458984,"swellHeight":1.1735036373138428,"windSeaHeight":3.978639841079712,"seaLevelPressure":1017.7000122070312,"windSeaHeight_w":3.978639841079712,"windSeaPeriod_w":8.680875778198242,"windSeaDir_w":60.0,"swell1Height":0.9299741387367249,"swell1Period":7.702206611633301,"swell1Direction":350.0,"swell2Height":0.30908530950546265,"swell2Period":11.386502265930176,"swell2Direction":30.0}},{"type":"Feature","geometry":{"type":"Point","coordinates":[119.8,18.6]},"properties":{"model":"MRI3","waveHeight":3.7740328311920166,"wavePeriod":8.287959098815918,"peakPeriod":9.192388534545898,"waveDirection":50.0,"windSpeed":15.861554145812988,"windDirection":64.61431121826172,"swellHeight":0.9737678170204163,"windSeaHeight":3.646244525909424,"seaLevelPressure":1017.6000366210938,"windSeaHeight_w":3.646244525909424,"windSeaPeriod_w":8.34909439086914,"windSeaDir_w":60.0,"swell1Height":0.872616171836853,"swell1Period":7.934689521789551,"swell1Direction":350.0,"swell2Height":0.37821316719055176,"swell2Period":5.23170804977417,"swell2Direction":140.0}},{"type":"Feature","geometry":{"type":"Point","coordinates":[120.6,18.6]},"properties":{"model":"MRI3","waveHeight":2.198782205581665,"wavePeriod":8.221870422363281,"peakPeriod":9.192388534545898,"waveDirection":40.0,"windSpeed":11.925673484802246,"windDirection":67.77928161621094,"swellHeight":1.35108482837677,"windSeaHeight":1.7347081899642944,"seaLevelPressure":1018.0,"windSeaHeight_w":1.7347081899642944,"windSeaPeriod_w":7.746413707733154,"windSeaDir_w":50.0,"swell1Height":1.3428090810775757,"swell1Period":9.046667098999023,"swell1Direction":10.0,"swell2Height":0.13331496715545654,"swell2Period":5.105823040008545,"swell2Direction":310.0}},{"type":"Feature","geometry":{"type":"Point","coordinates":[121.39999999999999,18.6]},"properties":{"model":"MRI3","waveHeight":2.934248924255371,"wavePeriod":9.1448392868042,"peakPeriod":9.192388534545898,"waveDirection":60.0,"windSpeed":7.746844291687012,"windDirection":75.49736785888672,"swellHeight":2.6934380531311035,"windSeaHeight":1.1641337871551514,"seaLevelPressure":1020.0,"windSeaHeight_w":1.1641337871551514,"windSeaPeriod_w":6.066858768463135,"windSeaDir_w":80.0,"swell1Height":2.1491997241973877,"swell1Period":10.123971939086914,"swell1Direction":70.0,"swell2Height":1.6071478128433228,"swell2Period":9.068120956420898,"swell2Direction":30.0}},{"type":"Feature","geometry":{"type":"Point","coordinates":[122.2,18.6]},"properties":{"model":"MRI3","waveHeight":3.425642728805542,"wavePeriod":8.777321815490723,"peakPeriod":9.192388534545898,"waveDirection":60.0,"windSpeed":9.47529411315918,"windDirection":61.92041015625,"swellHeight":2.639824390411377,"windSeaHeight":2.1831982135772705,"seaLevelPressure":1019.9000244140625,"windSeaHeight_w":2.1831982135772705,"windSeaPeriod_w":7.158671855926514,"windSeaDir_w":60.0,"swell1Height":2.251607894897461,"swell1Period":10.095748901367188,"swell1Direction":70.0,"swell2Height":1.3316824436187744,"swell2Period":9.58947467803955,"swell2Direction":20.0}},{"type":"Feature","geometry":{"type":"Point","coordinates":[123.0,18.6]},"properties":{"model":"MRI3","waveHeight":3.9458723068237305,"wavePeriod":8.490427017211914,"peakPeriod":9.192388534545898,"waveDirection":60.0,"windSpeed":12.108856201171875,"windDirection":52.44872283935547,"swellHeight":1.9357527494430542,"windSeaHeight":3.4384255409240723,"seaLevelPressure":1019.6000366210938,"windSeaHeight_w":3.4384255409240723,"windSeaPeriod_w":8.337065696716309,"windSeaDir_w":50.0,"swell1Height":1.6178779602050781,"swell1Period":9.500266075134277,"swell1Direction":90.0,"swell2Height":0.9229089617729187,"swell2Period":8.464092254638672,"swell2Direction":0.0}},{"type":"Feature","geometry":{"type":"Point","coordinates":[123.8,18.6]},"properties":{"model":"MRI3","waveHeight":3.957545518875122,"wavePeriod":8.396668434143066,"peakPeriod":9.192388534545898,"waveDirection":60.0,"windSpeed":12.534611701965332,"windDirection":51.575775146484375,"swellHeight":1.892395257949829,"windSeaHeight":3.4757742881774902,"seaLevelPressure":1019.2999877929688,"windSeaHeight_w":3.4757742881774902,"windSeaPeriod_w":8.31607437133789,"windSeaDir_w":50.0,"swell1Height":1.5942994356155396,"swell1Period":9.17337703704834,"swell1Direction":90.0,"swell2Height":0.9312916398048401,"swell2Period":7.86206579208374,"swell2Direction":340.0}},{"type":"Feature","geometry":{"type":"Point","coordinates":[124.6,18.6]},"properties":{"model":"MRI3","waveHeight":3.860211133956909,"wavePeriod":8.326090812683105,"peakPeriod":9.192388534545898,"waveDirection":60.0,"windSpeed":12.564350128173828,"windDirection":51.04107666015625,"swellHeight":1.7343666553497314,"windSeaHeight":3.448652505874634,"seaLevelPressure":1019.1000366210938,"windSeaHeight_w":3.448652505874634,"windSeaPeriod_w":8.307761192321777,"windSeaDir_w":50.0,"swell1Height":1.2726444005966187,"swell1Period":9.15489673614502,"swell1Direction":90.0,"swell2Height":1.0356242656707764,"swell2Period":8.074692726135254,"swell2Direction":350.0}},{"type":"Feature","geometry":{"type":"Point","coordinates":[125.4,18.6]},"properties":{"model":"MRI3","waveHeight":3.7900571823120117,"wavePeriod":8.283767700195312,"peakPeriod":9.192388534545898,"waveDirection":60.0,"windSpeed":12.53670597076416,"windDirection":50.762054443359375,"swellHeight":1.721682071685791,"windSeaHeight":3.3764395713806152,"seaLevelPressure":1018.9000244140625,"windSeaHeight_w":3.3764395713806152,"windSeaPeriod_w":8.219747543334961,"windSeaDir_w":50.0,"swell1Height":1.2413642406463623,"swell1Period":9.147795677185059,"swell1Direction":90.0,"swell2Height":1.0714490413665771,"swell2Period":8.3715181350708,"swell2Direction":350.0}},{"type":"Feature","geometry":{"type":"Point","coordinates":[126.2,18.6]},"properties":{"model":"MRI3","waveHeight":3.690018653869629,"wavePeriod":8.215325355529785,"peakPeriod":8.42945671081543,"waveDirection":60.0,"windSpeed":12.722838401794434,"windDirection":52.47260284423828,"swellHeight":1.5438847541809082,"windSeaHeight":3.351515769958496,"seaLevelPressure":1018.6000366210938,"windSeaHeight_w":3.351515769958496,"windSeaPeriod_w":8.213618278503418,"windSeaDir_w":50.0,"swell1Height":1.2128349542617798,"swell1Period":8.900936126708984,"swell1Direction":10.0,"swell2Height":0.9162436127662659,"swell2Period":7.2880120277404785,"swell2Direction":120.0}},{"type":"Feature","geometry":{"type":"Point","coordinates":[127.0,18.6]},"properties":{"model":"MRI3","waveHeight":3.456815242767334,"wavePeriod":8.311614036560059,"peakPeriod":8.42945671081543,"waveDirection":60.0,"windSpeed":12.846578598022461,"windDirection":53.67424011230469,"swellHeight":1.4079227447509766,"windSeaHeight":3.15710711479187,"seaLevelPressure":1018.5,"windSeaHeight_w":3.15710711479187,"windSeaPeriod_w":8.296346664428711,"windSeaDir_w":50.0,"swell1Height":1.1381207704544067,"swell1Period":9.041036605834961,"swell1Direction":10.0,"swell2Height":0.7874878644943237,"swell2Period":7.294061183929443,"swell2Direction":120.0}},{"type":"Feature","geometry":{"type":"Point","coordinates":[127.8,18.6]},"properties":{"model":"MRI3","waveHeight":3.2968924045562744,"wavePeriod":8.37923812866211,"peakPeriod":8.42945671081543,"waveDirection":50.0,"windSpeed":12.9717378616333,"windDirection":55.10929870605469,"swellHeight":1.3898555040359497,"windSeaHeight":2.9896156787872314,"seaLevelPressure":1018.4000244140625,"windSeaHeight_w":2.9896156787872314,"windSeaPeriod_w":8.392891883850098,"windSeaDir_w":60.0,"swell1Height":1.2697863578796387,"swell1Period":8.530776023864746,"swell1Direction":0.0,"swell2Height":0.543158769607544,"swell2Period":7.3511433601379395,"swell2Direction":130.0}},{"type":"Feature","geometry":{"type":"Point","coordinates":[128.6,18.6]},"properties":{"model":"MRI3","waveHeight":3.1961147785186768,"wavePeriod":8.316386222839355,"peakPeriod":8.42945671081543,"waveDirection":50.0,"windSpeed":12.712394714355469,"windDirection":55.44738006591797,"swellHeight":1.3441909551620483,"windSeaHeight":2.8997068405151367,"seaLevelPressure":1018.5,"windSeaHeight_w":2.8997068405151367,"windSeaPeriod_w":8.343504905700684,"windSeaDir_w":60.0,"swell1Height":1.2381633520126343,"swell1Period":8.404680252075195,"swell1Direction":0.0,"swell2Height":0.5018453598022461,"swell2Period":7.09487771987915,"swell2Direction":130.0}},{"type":"Feature","geometry":{"type":"Point","coordinates":[129.4,18.6]},"properties":{"model":"MRI3","waveHeight":3.080284833908081,"wavePeriod":8.27192497253418,"peakPeriod":8.42945671081543,"waveDirection":50.0,"windSpeed":12.273760795593262,"windDirection":54.88561248779297,"swellHeight":1.3025928735733032,"windSeaHeight":2.791308879852295,"seaLevelPressure":1018.5,"windSeaHeight_w":2.791308879852295,"windSeaPeriod_w":8.260554313659668,"windSeaDir_w":50.0,"swell1Height":1.1399325132369995,"swell1Period":8.703476905822754,"swell1Direction":10.0,"swell2Height":0.612476646900177,"swell2Period":7.133029937744141,"swell2Direction":120.0}},{"type":"Feature","geometry":{"type":"Point","coordinates":[130.2,18.6]},"properties":{"model":"MRI3","waveHeight":2.9392569065093994,"wavePeriod":8.264195442199707,"peakPeriod":8.42945671081543,"waveDirection":50.0,"windSpeed":11.5470552444458,"windDirection":57.05310821533203,"swellHeight":1.4053677320480347,"windSeaHeight":2.58150577545166,"seaLevelPressure":1018.5,"windSeaHeight_w":2.58150577545166,"windSeaPeriod_w":8.17187213897705,"windSeaDir_w":60.0,"swell1Height":1.3200820684432983,"swell1Period":8.680472373962402,"swell1Direction":10.0,"swell2Height":0.2497687041759491,"swell2Period":10.278300285339355,"swell2Direction":70.0}},{"type":"Feature","geometry":{"type":"Point","coordinates":[131.0,18.6]},"properties":{"model":"MRI3","waveHeight":2.808568239212036,"wavePeriod":8.302138328552246,"peakPeriod":9.192388534545898,"waveDirection":50.0,"windSpeed":11.089543342590332,"windDirection":55.5074462890625,"swellHeight":1.5582038164138794,"windSeaHeight":2.3366763591766357,"seaLevelPressure":1018.6000366210938,"windSeaHeight_w":2.3366763591766357,"windSeaPeriod_w":7.983083724975586,"windSeaDir_w":60.0,"swell1Height":1.0937280654907227,"swell1Period":10.40039348602295,"swell1Direction":50.0,"swell2Height":1.0641921758651733,"swell2Period":7.7817206382751465,"swell2Direction":350.0}},{"type":"Feature","geometry":{"type":"Point","coordinates":[131.8,18.6]},"properties":{"model":"MRI3","waveHeight":2.7319552898406982,"wavePeriod":8.353569030761719,"peakPeriod":9.192388534545898,"waveDirection":50.0,"windSpeed":10.730317115783691,"windDirection":48.286651611328125,"swellHeight":1.476904273033142,"windSeaHeight":2.298332691192627,"seaLevelPressure":1018.7000122070312,"windSeaHeight_w":2.298332691192627,"windSeaPeriod_w":7.9967827796936035,"windSeaDir_w":50.0,"swell1Height":1.2322771549224854,"swell1Period":10.087129592895508,"swell1Direction":60.0,"swell2Height":0.7771598696708679,"swell2Period":7.373451232910156,"swell2Direction":330.0}},{"type":"Feature","geometry":{"type":"Point","coordinates":[132.6,18.6]},"properties":{"model":"MRI3","waveHeight":2.699544668197632,"wavePeriod":8.41205883026123,"peakPeriod":9.192388534545898,"waveDirection":50.0,"windSpeed":10.241103172302246,"windDirection":43.8131103515625,"swellHeight":1.6562508344650269,"windSeaHeight":2.13175368309021,"seaLevelPressure":1018.7000122070312,"windSeaHeight_w":2.13175368309021,"windSeaPeriod_w":7.771453380584717,"windSeaDir_w":40.0,"swell1Height":1.4598478078842163,"swell1Period":10.067749977111816,"swell1Direction":70.0,"swell2Height":0.7649105191230774,"swell2Period":7.466632843017578,"swell2Direction":330.0}},{"type":"Feature","geometry":{"type":"Point","coordinates":[133.4,18.6]},"properties":{"model":"MRI3","waveHeight":2.703892946243286,"wavePeriod":8.447219848632812,"peakPeriod":9.192388534545898,"waveDirection":50.0,"windSpeed":9.973103523254395,"windDirection":43.61866760253906,"swellHeight":1.8167634010314941,"windSeaHeight":2.0026001930236816,"seaLevelPressure":1018.5,"windSeaHeight_w":2.0026001930236816,"windSeaPeriod_w":7.5570268630981445,"windSeaDir_w":40.0,"swell1Height":1.7497456073760986,"swell1Period":9.747218132019043,"swell1Direction":60.0,"swell2Height":0.4590965211391449,"swell2Period":6.8134284019470215,"swell2Direction":310.0}},{"type":"Feature","geometry":{"type":"Point","coordinates":[134.2,18.6]},"properties":{"model":"MRI3","waveHeight":2.7185306549072266,"wavePeriod":8.405214309692383,"peakPeriod":9.192388534545898,"waveDirection":50.0,"windSpeed":10.048288345336914,"windDirection":44.556488037109375,"swellHeight":1.8503501415252686,"windSeaHeight":1.9916356801986694,"seaLevelPressure":1018.2999877929688,"windSeaHeight_w":1.9916356801986694,"windSeaPeriod_w":7.514686107635498,"windSeaDir_w":40.0,"swell1Height":1.7697632312774658,"swell1Period":9.689852714538574,"swell1Direction":60.0,"swell2Height":0.49102476239204407,"swell2Period":6.888430595397949,"swell2Direction":310.0}},{"type":"Feature","geometry":{"type":"Point","coordinates":[115.8,19.400000000000002]},"properties":{"model":"MRI3","waveHeight":3.612605571746826,"wavePeriod":8.667280197143555,"peakPeriod":10.024370193481445,"waveDirection":80.0,"windSpeed":9.708661079406738,"windDirection":74.15999603271484,"swellHeight":2.5874109268188477,"windSeaHeight":2.5211551189422607,"seaLevelPressure":1019.2999877929688,"windSeaHeight_w":2.5211551189422607,"windSeaPeriod_w":7.250114440917969,"windSeaDir_w":70.0,"swell1Height":2.4601285457611084,"swell1Period":10.402032852172852,"swell1Direction":80.0,"swell2Height":0.5284445285797119,"swell2Period":5.194917678833008,"swell2Direction":160.0}},{"type":"Feature","geometry":{"type":"Point","coordinates":[116.6,19.400000000000002]},"properties":{"model":"MRI3","waveHeight":3.9480795860290527,"wavePeriod":8.744648933410645,"peakPeriod":10.024370193481445,"waveDirection":80.0,"windSpeed":10.309219360351562,"windDirection":71.91655731201172,"swellHeight":2.5968430042266846,"windSeaHeight":2.9738426208496094,"seaLevelPressure":1019.2999877929688,"windSeaHeight_w":2.9738426208496094,"windSeaPeriod_w":7.778900623321533,"windSeaDir_w":70.0,"swell1Height":2.463517189025879,"swell1Period":10.455694198608398,"swell1Direction":80.0,"swell2Height":0.5830768346786499,"swell2Period":5.312018871307373,"swell2Direction":160.0}},{"type":"Feature","geometry":{"type":"Point","coordinates":[117.39999999999999,19.400000000000002]},"properties":{"model":"MRI3","waveHeight":4.176805019378662,"wavePeriod":8.786608695983887,"peakPeriod":10.024370193481445,"waveDirection":80.0,"windSpeed":11.704174041748047,"windDirection":72.1378402709961,"swellHeight":1.851968765258789,"windSeaHeight":3.7437829971313477,"seaLevelPressure":1019.2000122070312,"windSeaHeight_w":3.7437829971313477,"windSeaPeriod_w":8.70504093170166,"windSeaDir_w":70.0,"swell1Height":1.575905203819275,"swell1Period":10.133655548095703,"swell1Direction":90.0,"swell2Height":0.3591606914997101,"swell2Period":10.264434814453125,"swell2Direction":30.0}},{"type":"Feature","geometry":{"type":"Point","coordinates":[118.2,19.400000000000002]},"properties":{"model":"MRI3","waveHeight":4.3111138343811035,"wavePeriod":8.791426658630371,"peakPeriod":10.024370193481445,"waveDirection":70.0,"windSpeed":12.998845100402832,"windDirection":70.58930969238281,"swellHeight":1.555153250694275,"windSeaHeight":4.020845890045166,"seaLevelPressure":1019.1000366210938,"windSeaHeight_w":4.020845890045166,"windSeaPeriod_w":8.8571138381958,"windSeaDir_w":70.0,"swell1Height":1.2481369972229004,"swell1Period":9.063677787780762,"swell1Direction":50.0,"swell2Height":0.25744763016700745,"swell2Period":11.102293968200684,"swell2Direction":20.0}},{"type":"Feature","geometry":{"type":"Point","coordinates":[119.0,19.400000000000002]},"properties":{"model":"MRI3","waveHeight":4.338618278503418,"wavePeriod":8.711583137512207,"peakPeriod":9.192388534545898,"waveDirection":70.0,"windSpeed":14.234806060791016,"windDirection":70.76314544677734,"swellHeight":1.395946741104126,"windSeaHeight":4.107912063598633,"seaLevelPressure":1019.1000366210938,"windSeaHeight_w":4.107912063598633,"windSeaPeriod_w":8.811694145202637,"windSeaDir_w":70.0,"swell1Height":1.158596396446228,"swell1Period":8.483443260192871,"swell1Direction":10.0,"swell2Height":0.6854451894760132,"swell2Period":6.71680212020874,"swell2Direction":140.0}},{"type":"Feature","geometry":{"type":"Point","coordinates":[119.8,19.400000000000002]},"properties":{"model":"MRI3","waveHeight":4.1728692054748535,"wavePeriod":8.584639549255371,"peakPeriod":9.192388534545898,"waveDirection":70.0,"windSpeed":14.597002983093262,"windDirection":70.38578796386719,"swellHeight":1.386284351348877,"windSeaHeight":3.9358675479888916,"seaLevelPressure":1019.4000244140625,"windSeaHeight_w":3.9358675479888916,"windSeaPeriod_w":8.667716979980469,"windSeaDir_w":70.0,"swell1Height":1.219313621520996,"swell1Period":8.466208457946777,"swell1Direction":10.0,"swell2Height":0.6187795996665955,"swell2Period":6.040250301361084,"swell2Direction":140.0}},{"type":"Feature","geometry":{"type":"Point","coordinates":[120.6,19.400000000000002]},"properties":{"model":"MRI3","waveHeight":3.9055304527282715,"wavePeriod":8.524961471557617,"peakPeriod":9.192388534545898,"waveDirection":60.0,"windSpeed":13.467251777648926,"windDirection":69.93692779541016,"swellHeight":1.5452734231948853,"windSeaHeight":3.586822986602783,"seaLevelPressure":1019.9000244140625,"windSeaHeight_w":3.586822986602783,"windSeaPeriod_w":8.506502151489258,"windSeaDir_w":70.0,"swell1Height":1.4591944217681885,"swell1Period":8.895563125610352,"swell1Direction":10.0,"swell2Height":0.34304776787757874,"swell2Period":8.05557632446289,"swell2Direction":130.0}},{"type":"Feature","geometry":{"type":"Point","coordinates":[121.39999999999999,19.400000000000002]},"properties":{"model":"MRI3","waveHeight":3.6459081172943115,"wavePeriod":8.512685775756836,"peakPeriod":9.192388534545898,"waveDirection":60.0,"windSpeed":11.197856903076172,"windDirection":66.64016723632812,"swellHeight":2.0599210262298584,"windSeaHeight":3.0082170963287354,"seaLevelPressure":1020.2999877929688,"windSeaHeight_w":3.0082170963287354,"windSeaPeriod_w":8.221196174621582,"windSeaDir_w":70.0,"swell1Height":1.9911260604858398,"swell1Period":9.235135078430176,"swell1Direction":30.0,"swell2Height":0.3729892075061798,"swell2Period":9.957353591918945,"swell2Direction":110.0}},{"type":"Feature","geometry":{"type":"Point","coordinates":[122.2,19.400000000000002]},"properties":{"model":"MRI3","waveHeight":3.705331802368164,"wavePeriod":8.428863525390625,"peakPeriod":9.192388534545898,"waveDirection":60.0,"windSpeed":12.171281814575195,"windDirection":59.1573486328125,"swellHeight":1.7881685495376587,"windSeaHeight":3.2452945709228516,"seaLevelPressure":1020.5,"windSeaHeight_w":3.2452945709228516,"windSeaPeriod_w":8.333364486694336,"windSeaDir_w":60.0,"swell1Height":1.5670075416564941,"swell1Period":9.290237426757812,"swell1Direction":30.0,"swell2Height":0.7965782284736633,"swell2Period":7.181583404541016,"swell2Direction":130.0}},{"type":"Feature","geometry":{"type":"Point","coordinates":[123.0,19.400000000000002]},"properties":{"model":"MRI3","waveHeight":3.763340950012207,"wavePeriod":8.300337791442871,"peakPeriod":9.192388534545898,"waveDirection":60.0,"windSpeed":12.06492805480957,"windDirection":55.98065948486328,"swellHeight":1.9280940294265747,"windSeaHeight":3.2319016456604004,"seaLevelPressure":1020.5,"windSeaHeight_w":3.2319016456604004,"windSeaPeriod_w":8.122319221496582,"windSeaDir_w":60.0,"swell1Height":1.695896029472351,"swell1Period":9.348001480102539,"swell1Direction":30.0,"swell2Height":0.8524927496910095,"swell2Period":7.20926570892334,"swell2Direction":130.0}},{"type":"Feature","geometry":{"type":"Point","coordinates":[123.8,19.400000000000002]},"properties":{"model":"MRI3","waveHeight":3.663893461227417,"wavePeriod":8.232280731201172,"peakPeriod":8.42945671081543,"waveDirection":60.0,"windSpeed":12.236313819885254,"windDirection":54.244598388671875,"swellHeight":1.8537938594818115,"windSeaHeight":3.160310745239258,"seaLevelPressure":1020.2999877929688,"windSeaHeight_w":3.160310745239258,"windSeaPeriod_w":8.11904239654541,"windSeaDir_w":50.0,"swell1Height":1.5397545099258423,"swell1Period":8.989577293395996,"swell1Direction":90.0,"swell2Height":0.9769275784492493,"swell2Period":7.897686958312988,"swell2Direction":340.0}},{"type":"Feature","geometry":{"type":"Point","coordinates":[124.6,19.400000000000002]},"properties":{"model":"MRI3","waveHeight":3.404223918914795,"wavePeriod":8.44304370880127,"peakPeriod":8.42945671081543,"waveDirection":60.0,"windSpeed":12.222375869750977,"windDirection":52.680076599121094,"swellHeight":1.7035210132598877,"windSeaHeight":2.9473304748535156,"seaLevelPressure":1020.1000366210938,"windSeaHeight_w":2.9473304748535156,"windSeaPeriod_w":8.324520111083984,"windSeaDir_w":50.0,"swell1Height":1.4184808731079102,"swell1Period":9.521646499633789,"swell1Direction":40.0,"swell2Height":0.914871096611023,"swell2Period":7.249479293823242,"swell2Direction":120.0}},{"type":"Feature","geometry":{"type":"Point","coordinates":[125.4,19.400000000000002]},"properties":{"model":"MRI3","waveHeight":3.5199036598205566,"wavePeriod":8.1758394241333,"peakPeriod":8.42945671081543,"waveDirection":60.0,"windSpeed":12.38581371307373,"windDirection":52.14936828613281,"swellHeight":1.705994725227356,"windSeaHeight":3.078847885131836,"seaLevelPressure":1019.9000244140625,"windSeaHeight_w":3.078847885131836,"windSeaPeriod_w":8.037242889404297,"windSeaDir_w":50.0,"swell1Height":1.3518903255462646,"swell1Period":9.342395782470703,"swell1Direction":20.0,"swell2Height":1.0273187160491943,"swell2Period":7.465190410614014,"swell2Direction":120.0}},{"type":"Feature","geometry":{"type":"Point","coordinates":[126.2,19.400000000000002]},"properties":{"model":"MRI3","waveHeight":3.363114833831787,"wavePeriod":8.230867385864258,"peakPeriod":8.42945671081543,"waveDirection":50.0,"windSpeed":12.567405700683594,"windDirection":52.272972106933594,"swellHeight":1.530348300933838,"windSeaHeight":2.994758129119873,"seaLevelPressure":1019.6000366210938,"windSeaHeight_w":2.994758129119873,"windSeaPeriod_w":8.136552810668945,"windSeaDir_w":50.0,"swell1Height":1.2380400896072388,"swell1Period":9.166954040527344,"swell1Direction":10.0,"swell2Height":0.8851710557937622,"swell2Period":7.555039405822754,"swell2Direction":120.0}},{"type":"Feature","geometry":{"type":"Point","coordinates":[127.0,19.400000000000002]},"properties":{"model":"MRI3","waveHeight":3.2256784439086914,"wavePeriod":8.30097770690918,"peakPeriod":8.42945671081543,"waveDirection":50.0,"windSpeed":12.588712692260742,"windDirection":52.52021026611328,"swellHeight":1.4042181968688965,"windSeaHeight":2.9039926528930664,"seaLevelPressure":1019.5,"windSeaHeight_w":2.9039926528930664,"windSeaPeriod_w":8.210904121398926,"windSeaDir_w":50.0,"swell1Height":1.1820900440216064,"swell1Period":9.162652969360352,"swell1Direction":0.0,"swell2Height":0.7411811947822571,"swell2Period":7.58745813369751,"swell2Direction":120.0}},{"type":"Feature","geometry":{"type":"Point","coordinates":[127.8,19.400000000000002]},"properties":{"model":"MRI3","waveHeight":3.144777774810791,"wavePeriod":8.23719596862793,"peakPeriod":8.42945671081543,"waveDirection":50.0,"windSpeed":12.402519226074219,"windDirection":51.97509765625,"swellHeight":1.4887516498565674,"windSeaHeight":2.7700624465942383,"seaLevelPressure":1019.5,"windSeaHeight_w":2.7700624465942383,"windSeaPeriod_w":8.110228538513184,"windSeaDir_w":50.0,"swell1Height":1.2847354412078857,"swell1Period":9.099308013916016,"swell1Direction":10.0,"swell2Height":0.7383897304534912,"swell2Period":7.503867149353027,"swell2Direction":120.0}},{"type":"Feature","geometry":{"type":"Point","coordinates":[128.6,19.400000000000002]},"properties":{"model":"MRI3","waveHeight":3.0524191856384277,"wavePeriod":8.19182300567627,"peakPeriod":8.42945671081543,"waveDirection":50.0,"windSpeed":12.008468627929688,"windDirection":53.6358642578125,"swellHeight":1.4894227981567383,"windSeaHeight":2.664372682571411,"seaLevelPressure":1019.4000244140625,"windSeaHeight_w":2.664372682571411,"windSeaPeriod_w":7.997182369232178,"windSeaDir_w":50.0,"swell1Height":1.153395414352417,"swell1Period":8.503633499145508,"swell1Direction":350.0,"swell2Height":0.8686894178390503,"swell2Period":9.819907188415527,"swell2Direction":90.0}},{"type":"Feature","geometry":{"type":"Point","coordinates":[129.4,19.400000000000002]},"properties":{"model":"MRI3","waveHeight":2.95585560798645,"wavePeriod":8.157454490661621,"peakPeriod":8.42945671081543,"waveDirection":50.0,"windSpeed":11.851299285888672,"windDirection":56.041770935058594,"swellHeight":1.4706206321716309,"windSeaHeight":2.5640509128570557,"seaLevelPressure":1019.4000244140625,"windSeaHeight_w":2.5640509128570557,"windSeaPeriod_w":8.0220365524292,"windSeaDir_w":60.0,"swell1Height":1.3721857070922852,"swell1Period":8.660175323486328,"swell1Direction":10.0,"swell2Height":0.24842287600040436,"swell2Period":10.486076354980469,"swell2Direction":70.0}},{"type":"Feature","geometry":{"type":"Point","coordinates":[130.2,19.400000000000002]},"properties":{"model":"MRI3","waveHeight":2.8632776737213135,"wavePeriod":8.15507984161377,"peakPeriod":8.42945671081543,"waveDirection":50.0,"windSpeed":11.810037612915039,"windDirection":52.98456573486328,"swellHeight":1.3800928592681885,"windSeaHeight":2.508725166320801,"seaLevelPressure":1019.4000244140625,"windSeaHeight_w":2.508725166320801,"windSeaPeriod_w":7.967818260192871,"windSeaDir_w":50.0,"swell1Height":1.0192867517471313,"swell1Period":8.076679229736328,"swell1Direction":340.0,"swell2Height":0.8648737072944641,"swell2Period":10.21082592010498,"swell2Direction":80.0}},{"type":"Feature","geometry":{"type":"Point","coordinates":[131.0,19.400000000000002]},"properties":{"model":"MRI3","waveHeight":2.793221950531006,"wavePeriod":8.197311401367188,"peakPeriod":8.42945671081543,"waveDirection":50.0,"windSpeed":11.554068565368652,"windDirection":50.30238342285156,"swellHeight":1.3653289079666138,"windSeaHeight":2.4367940425872803,"seaLevelPressure":1019.4000244140625,"windSeaHeight_w":2.4367940425872803,"windSeaPeriod_w":7.979248523712158,"windSeaDir_w":50.0,"swell1Height":1.0016793012619019,"swell1Period":7.896603584289551,"swell1Direction":340.0,"swell2Height":0.8769732117652893,"swell2Period":10.480040550231934,"swell2Direction":80.0}},{"type":"Feature","geometry":{"type":"Point","coordinates":[131.8,19.400000000000002]},"properties":{"model":"MRI3","waveHeight":2.724358558654785,"wavePeriod":8.282591819763184,"peakPeriod":9.192388534545898,"waveDirection":50.0,"windSpeed":11.0679349899292,"windDirection":49.69068908691406,"swellHeight":1.5474481582641602,"windSeaHeight":2.242216110229492,"seaLevelPressure":1019.4000244140625,"windSeaHeight_w":2.242216110229492,"windSeaPeriod_w":7.842496871948242,"windSeaDir_w":50.0,"swell1Height":1.166687250137329,"swell1Period":10.396472930908203,"swell1Direction":70.0,"swell2Height":0.9874967336654663,"swell2Period":7.756878852844238,"swell2Direction":340.0}},{"type":"Feature","geometry":{"type":"Point","coordinates":[132.6,19.400000000000002]},"properties":{"model":"MRI3","waveHeight":2.7021660804748535,"wavePeriod":8.385054588317871,"peakPeriod":9.192388534545898,"waveDirection":50.0,"windSpeed":10.790458679199219,"windDirection":44.92491149902344,"swellHeight":1.5868266820907593,"windSeaHeight":2.1871633529663086,"seaLevelPressure":1019.4000244140625,"windSeaHeight_w":2.1871633529663086,"windSeaPeriod_w":7.836040496826172,"windSeaDir_w":40.0,"swell1Height":1.3579503297805786,"swell1Period":10.1099214553833,"swell1Direction":80.0,"swell2Height":0.804591178894043,"swell2Period":7.6335768699646,"swell2Direction":330.0}},{"type":"Feature","geometry":{"type":"Point","coordinates":[133.4,19.400000000000002]},"properties":{"model":"MRI3","waveHeight":2.7302637100219727,"wavePeriod":8.48019027709961,"peakPeriod":9.192388534545898,"waveDirection":50.0,"windSpeed":10.539572715759277,"windDirection":40.53643798828125,"swellHeight":1.7603944540023804,"windSeaHeight":2.0869479179382324,"seaLevelPressure":1019.2999877929688,"windSeaHeight_w":2.0869479179382324,"windSeaPeriod_w":7.7302632331848145,"windSeaDir_w":40.0,"swell1Height":1.5592238903045654,"swell1Period":10.097726821899414,"swell1Direction":80.0,"swell2Height":0.7972154021263123,"swell2Period":7.564092636108398,"swell2Direction":330.0}},{"type":"Feature","geometry":{"type":"Point","coordinates":[134.2,19.400000000000002]},"properties":{"model":"MRI3","waveHeight":2.8186216354370117,"wavePeriod":8.559309959411621,"peakPeriod":9.192388534545898,"waveDirection":60.0,"windSpeed":10.450535774230957,"windDirection":41.39222717285156,"swellHeight":1.9295117855072021,"windSeaHeight":2.0546562671661377,"seaLevelPressure":1019.0,"windSeaHeight_w":2.0546562671661377,"windSeaPeriod_w":7.675502300262451,"windSeaDir_w":40.0,"swell1Height":1.7315893173217773,"swell1Period":10.093107223510742,"swell1Direction":80.0,"swell2Height":0.8150522708892822,"swell2Period":7.4902849197387695,"swell2Direction":330.0}},{"type":"Feature","geometry":{"type":"Point","coordinates":[115.8,20.2]},"properties":{"model":"MRI3","waveHeight":3.3710520267486572,"wavePeriod":8.577372550964355,"peakPeriod":10.024370193481445,"waveDirection":90.0,"windSpeed":9.946748733520508,"windDirection":76.4527359008789,"swellHeight":2.2686188220977783,"windSeaHeight":2.4934635162353516,"seaLevelPressure":1019.9000244140625,"windSeaHeight_w":2.4934635162353516,"windSeaPeriod_w":7.4789557456970215,"windSeaDir_w":80.0,"swell1Height":2.1699280738830566,"swell1Period":10.210830688476562,"swell1Direction":90.0,"swell2Height":0.4593644440174103,"swell2Period":7.905599594116211,"swell2Direction":330.0}},{"type":"Feature","geometry":{"type":"Point","coordinates":[116.6,20.2]},"properties":{"model":"MRI3","waveHeight":3.6780335903167725,"wavePeriod":8.648378372192383,"peakPeriod":10.024370193481445,"waveDirection":90.0,"windSpeed":10.334640502929688,"windDirection":77.25471496582031,"swellHeight":2.371128797531128,"windSeaHeight":2.81170392036438,"seaLevelPressure":1020.1000366210938,"windSeaHeight_w":2.81170392036438,"windSeaPeriod_w":7.7431817054748535,"windSeaDir_w":80.0,"swell1Height":2.2609965801239014,"swell1Period":10.311963081359863,"swell1Direction":90.0,"swell2Height":0.5014880299568176,"swell2Period":5.247943878173828,"swell2Direction":170.0}},{"type":"Feature","geometry":{"type":"Point","coordinates":[117.39999999999999,20.2]},"properties":{"model":"MRI3","waveHeight":3.9518203735351562,"wavePeriod":8.670334815979004,"peakPeriod":10.024370193481445,"waveDirection":80.0,"windSpeed":11.549306869506836,"windDirection":78.5635986328125,"swellHeight":1.826816439628601,"windSeaHeight":3.5042295455932617,"seaLevelPressure":1020.1000366210938,"windSeaHeight_w":3.5042295455932617,"windSeaPeriod_w":8.498499870300293,"windSeaDir_w":80.0,"swell1Height":1.4253809452056885,"swell1Period":10.510336875915527,"swell1Direction":100.0,"swell2Height":0.389525443315506,"swell2Period":12.332992553710938,"swell2Direction":70.0}},{"type":"Feature","geometry":{"type":"Point","coordinates":[118.2,20.2]},"properties":{"model":"MRI3","waveHeight":4.093115329742432,"wavePeriod":8.673591613769531,"peakPeriod":9.192388534545898,"waveDirection":80.0,"windSpeed":12.674422264099121,"windDirection":77.83894348144531,"swellHeight":1.5041693449020386,"windSeaHeight":3.806713581085205,"seaLevelPressure":1020.2000122070312,"windSeaHeight_w":3.806713581085205,"windSeaPeriod_w":8.751341819763184,"windSeaDir_w":80.0,"swell1Height":1.205412745475769,"swell1Period":8.589625358581543,"swell1Direction":40.0,"swell2Height":0.4382047951221466,"swell2Period":11.191816329956055,"swell2Direction":90.0}},{"type":"Feature","geometry":{"type":"Point","coordinates":[119.0,20.2]},"properties":{"model":"MRI3","waveHeight":4.1323113441467285,"wavePeriod":8.646381378173828,"peakPeriod":9.192388534545898,"waveDirection":80.0,"windSpeed":13.266770362854004,"windDirection":75.77522277832031,"swellHeight":1.5855388641357422,"windSeaHeight":3.8160271644592285,"seaLevelPressure":1020.2999877929688,"windSeaHeight_w":3.8160271644592285,"windSeaPeriod_w":8.715535163879395,"windSeaDir_w":80.0,"swell1Height":1.3976426124572754,"swell1Period":8.734273910522461,"swell1Direction":20.0,"swell2Height":0.6961207985877991,"swell2Period":6.648003578186035,"swell2Direction":150.0}},{"type":"Feature","geometry":{"type":"Point","coordinates":[119.8,20.2]},"properties":{"model":"MRI3","waveHeight":4.111359596252441,"wavePeriod":8.51593017578125,"peakPeriod":9.192388534545898,"waveDirection":70.0,"windSpeed":13.479543685913086,"windDirection":73.13790893554688,"swellHeight":1.5530509948730469,"windSeaHeight":3.8067455291748047,"seaLevelPressure":1020.5,"windSeaHeight_w":3.8067455291748047,"windSeaPeriod_w":8.597635269165039,"windSeaDir_w":70.0,"swell1Height":1.2729536294937134,"swell1Period":8.54306411743164,"swell1Direction":20.0,"swell2Height":0.803128719329834,"swell2Period":7.352864742279053,"swell2Direction":130.0}},{"type":"Feature","geometry":{"type":"Point","coordinates":[120.6,20.2]},"properties":{"model":"MRI3","waveHeight":3.982741117477417,"wavePeriod":8.430147171020508,"peakPeriod":9.192388534545898,"waveDirection":70.0,"windSpeed":12.922761917114258,"windDirection":67.86103057861328,"swellHeight":1.6049548387527466,"windSeaHeight":3.6450440883636475,"seaLevelPressure":1020.9000244140625,"windSeaHeight_w":3.6450440883636475,"windSeaPeriod_w":8.420890808105469,"windSeaDir_w":70.0,"swell1Height":1.4089345932006836,"swell1Period":8.892011642456055,"swell1Direction":20.0,"swell2Height":0.6757196187973022,"swell2Period":7.687985897064209,"swell2Direction":130.0}},{"type":"Feature","geometry":{"type":"Point","coordinates":[121.39999999999999,20.2]},"properties":{"model":"MRI3","waveHeight":3.8342480659484863,"wavePeriod":8.264575004577637,"peakPeriod":9.192388534545898,"waveDirection":60.0,"windSpeed":12.327075004577637,"windDirection":64.43275451660156,"swellHeight":1.810997724533081,"windSeaHeight":3.3796074390411377,"seaLevelPressure":1021.1000366210938,"windSeaHeight_w":3.3796074390411377,"windSeaPeriod_w":8.175790786743164,"windSeaDir_w":60.0,"swell1Height":1.5633448362350464,"swell1Period":9.098323822021484,"swell1Direction":40.0,"swell2Height":0.8591179847717285,"swell2Period":7.308645725250244,"swell2Direction":130.0}},{"type":"Feature","geometry":{"type":"Point","coordinates":[122.2,20.2]},"properties":{"model":"MRI3","waveHeight":3.5552945137023926,"wavePeriod":8.200861930847168,"peakPeriod":8.42945671081543,"waveDirection":60.0,"windSpeed":11.73659610748291,"windDirection":59.7646484375,"swellHeight":1.8375478982925415,"windSeaHeight":3.0436060428619385,"seaLevelPressure":1021.2999877929688,"windSeaHeight_w":3.0436060428619385,"windSeaPeriod_w":7.998344898223877,"windSeaDir_w":60.0,"swell1Height":1.4126907587051392,"swell1Period":8.473575592041016,"swell1Direction":0.0,"swell2Height":1.1383519172668457,"swell2Period":9.433356285095215,"swell2Direction":110.0}},{"type":"Feature","geometry":{"type":"Point","coordinates":[123.0,20.2]},"properties":{"model":"MRI3","waveHeight":3.3400259017944336,"wavePeriod":8.291916847229004,"peakPeriod":8.42945671081543,"waveDirection":60.0,"windSpeed":11.278580665588379,"windDirection":58.339256286621094,"swellHeight":1.8910921812057495,"windSeaHeight":2.7530970573425293,"seaLevelPressure":1021.2999877929688,"windSeaHeight_w":2.7530970573425293,"windSeaPeriod_w":7.991766929626465,"windSeaDir_w":60.0,"swell1Height":1.697941780090332,"swell1Period":9.386676788330078,"swell1Direction":40.0,"swell2Height":0.7837622165679932,"swell2Period":7.234333038330078,"swell2Direction":130.0}},{"type":"Feature","geometry":{"type":"Point","coordinates":[123.8,20.2]},"properties":{"model":"MRI3","waveHeight":3.2024056911468506,"wavePeriod":8.40310001373291,"peakPeriod":8.42945671081543,"waveDirection":60.0,"windSpeed":11.433464050292969,"windDirection":57.10218811035156,"swellHeight":1.8422528505325317,"windSeaHeight":2.619447708129883,"seaLevelPressure":1021.1000366210938,"windSeaHeight_w":2.619447708129883,"windSeaPeriod_w":8.105708122253418,"windSeaDir_w":60.0,"swell1Height":1.689385175704956,"swell1Period":9.334514617919922,"swell1Direction":30.0,"swell2Height":0.7066558003425598,"swell2Period":7.388943195343018,"swell2Direction":130.0}},{"type":"Feature","geometry":{"type":"Point","coordinates":[124.6,20.2]},"properties":{"model":"MRI3","waveHeight":3.158637285232544,"wavePeriod":8.356853485107422,"peakPeriod":8.42945671081543,"waveDirection":50.0,"windSpeed":11.551630973815918,"windDirection":56.296180725097656,"swellHeight":1.7026857137680054,"windSeaHeight":2.6604232788085938,"seaLevelPressure":1020.9000244140625,"windSeaHeight_w":2.6604232788085938,"windSeaPeriod_w":8.088659286499023,"windSeaDir_w":60.0,"swell1Height":1.5388551950454712,"swell1Period":9.300006866455078,"swell1Direction":20.0,"swell2Height":0.7107582688331604,"swell2Period":7.83428955078125,"swell2Direction":130.0}},{"type":"Feature","geometry":{"type":"Point","coordinates":[125.4,20.2]},"properties":{"model":"MRI3","waveHeight":3.124577283859253,"wavePeriod":8.290879249572754,"peakPeriod":8.42945671081543,"waveDirection":50.0,"windSpeed":11.856887817382812,"windDirection":56.001678466796875,"swellHeight":1.6762586832046509,"windSeaHeight":2.63688063621521,"seaLevelPressure":1020.7000122070312,"windSeaHeight_w":2.63688063621521,"windSeaPeriod_w":8.016757011413574,"windSeaDir_w":60.0,"swell1Height":1.5323729515075684,"swell1Period":9.233541488647461,"swell1Direction":10.0,"swell2Height":0.6618528366088867,"swell2Period":7.736284255981445,"swell2Direction":130.0}},{"type":"Feature","geometry":{"type":"Point","coordinates":[126.2,20.2]},"properties":{"model":"MRI3","waveHeight":3.0724594593048096,"wavePeriod":8.232447624206543,"peakPeriod":8.42945671081543,"waveDirection":50.0,"windSpeed":11.959565162658691,"windDirection":54.52915954589844,"swellHeight":1.6295864582061768,"windSeaHeight":2.604698657989502,"seaLevelPressure":1020.6000366210938,"windSeaHeight_w":2.604698657989502,"windSeaPeriod_w":7.913392066955566,"windSeaDir_w":50.0,"swell1Height":1.4015265703201294,"swell1Period":9.491662979125977,"swell1Direction":10.0,"swell2Height":0.8218079805374146,"swell2Period":7.830918788909912,"swell2Direction":120.0}},{"type":"Feature","geometry":{"type":"Point","coordinates":[127.0,20.2]},"properties":{"model":"MRI3","waveHeight":3.004739284515381,"wavePeriod":8.181503295898438,"peakPeriod":8.42945671081543,"waveDirection":50.0,"windSpeed":11.936372756958008,"windDirection":54.272605895996094,"swellHeight":1.5904452800750732,"windSeaHeight":2.549302339553833,"seaLevelPressure":1020.4000244140625,"windSeaHeight_w":2.549302339553833,"windSeaPeriod_w":7.857909202575684,"windSeaDir_w":50.0,"swell1Height":1.392174243927002,"swell1Period":9.413276672363281,"swell1Direction":10.0,"swell2Height":0.7583657503128052,"swell2Period":7.757027626037598,"swell2Direction":120.0}},{"type":"Feature","geometry":{"type":"Point","coordinates":[127.8,20.2]},"properties":{"model":"MRI3","waveHeight":2.9374780654907227,"wavePeriod":8.147262573242188,"peakPeriod":8.42945671081543,"waveDirection":50.0,"windSpeed":11.560211181640625,"windDirection":53.47705078125,"swellHeight":1.5660947561264038,"windSeaHeight":2.4851810932159424,"seaLevelPressure":1020.4000244140625,"windSeaHeight_w":2.4851810932159424,"windSeaPeriod_w":7.8136725425720215,"windSeaDir_w":50.0,"swell1Height":1.392205834388733,"swell1Period":9.356528282165527,"swell1Direction":0.0,"swell2Height":0.7043458223342896,"swell2Period":7.663409233093262,"swell2Direction":120.0}},{"type":"Feature","geometry":{"type":"Point","coordinates":[128.6,20.2]},"properties":{"model":"MRI3","waveHeight":2.8714327812194824,"wavePeriod":8.11943531036377,"peakPeriod":8.42945671081543,"waveDirection":50.0,"windSpeed":11.346721649169922,"windDirection":52.48374938964844,"swellHeight":1.635416865348816,"windSeaHeight":2.360198497772217,"seaLevelPressure":1020.4000244140625,"windSeaHeight_w":2.360198497772217,"windSeaPeriod_w":7.720503330230713,"windSeaDir_w":50.0,"swell1Height":1.4792490005493164,"swell1Period":9.249373435974121,"swell1Direction":10.0,"swell2Height":0.6845273375511169,"swell2Period":7.6822733879089355,"swell2Direction":110.0}},{"type":"Feature","geometry":{"type":"Point","coordinates":[129.4,20.2]},"properties":{"model":"MRI3","waveHeight":2.8033854961395264,"wavePeriod":8.108551979064941,"peakPeriod":8.42945671081543,"waveDirection":40.0,"windSpeed":11.22114086151123,"windDirection":52.31311798095703,"swellHeight":1.605222463607788,"windSeaHeight":2.2983102798461914,"seaLevelPressure":1020.2999877929688,"windSeaHeight_w":2.2983102798461914,"windSeaPeriod_w":7.7056684494018555,"windSeaDir_w":50.0,"swell1Height":1.3860176801681519,"swell1Period":8.975699424743652,"swell1Direction":350.0,"swell2Height":0.784892737865448,"swell2Period":8.97349739074707,"swell2Direction":100.0}},{"type":"Feature","geometry":{"type":"Point","coordinates":[130.2,20.2]},"properties":{"model":"MRI3","waveHeight":2.736297607421875,"wavePeriod":8.139666557312012,"peakPeriod":8.42945671081543,"waveDirection":40.0,"windSpeed":11.094002723693848,"windDirection":53.171424865722656,"swellHeight":1.6178659200668335,"windSeaHeight":2.206770181655884,"seaLevelPressure":1020.2999877929688,"windSeaHeight_w":2.206770181655884,"windSeaPeriod_w":7.631901264190674,"windSeaDir_w":50.0,"swell1Height":1.275960922241211,"swell1Period":8.54797649383545,"swell1Direction":350.0,"swell2Height":0.9637911915779114,"swell2Period":10.225900650024414,"swell2Direction":90.0}},{"type":"Feature","geometry":{"type":"Point","coordinates":[131.0,20.2]},"properties":{"model":"MRI3","waveHeight":2.715501308441162,"wavePeriod":8.174484252929688,"peakPeriod":8.42945671081543,"waveDirection":40.0,"windSpeed":10.923356056213379,"windDirection":50.758575439453125,"swellHeight":1.6055142879486084,"windSeaHeight":2.1900391578674316,"seaLevelPressure":1020.2999877929688,"windSeaHeight_w":2.1900391578674316,"windSeaPeriod_w":7.672070026397705,"windSeaDir_w":50.0,"swell1Height":1.1561675071716309,"swell1Period":8.33649730682373,"swell1Direction":340.0,"swell2Height":1.0945861339569092,"swell2Period":10.092158317565918,"swell2Direction":70.0}},{"type":"Feature","geometry":{"type":"Point","coordinates":[131.8,20.2]},"properties":{"model":"MRI3","waveHeight":2.696773052215576,"wavePeriod":8.233532905578613,"peakPeriod":8.42945671081543,"waveDirection":40.0,"windSpeed":10.856453895568848,"windDirection":47.38905334472656,"swellHeight":1.618923544883728,"windSeaHeight":2.156773328781128,"seaLevelPressure":1020.2000122070312,"windSeaHeight_w":2.156773328781128,"windSeaPeriod_w":7.725766181945801,"windSeaDir_w":50.0,"swell1Height":1.141131043434143,"swell1Period":8.152907371520996,"swell1Direction":340.0,"swell2Height":1.1268857717514038,"swell2Period":10.219501495361328,"swell2Direction":70.0}},{"type":"Feature","geometry":{"type":"Point","coordinates":[132.6,20.2]},"properties":{"model":"MRI3","waveHeight":2.720410108566284,"wavePeriod":8.3153715133667,"peakPeriod":9.192388534545898,"waveDirection":50.0,"windSpeed":10.741792678833008,"windDirection":45.716644287109375,"swellHeight":1.6587295532226562,"windSeaHeight":2.1562113761901855,"seaLevelPressure":1020.1000366210938,"windSeaHeight_w":2.1562113761901855,"windSeaPeriod_w":7.782997131347656,"windSeaDir_w":50.0,"swell1Height":1.3432878255844116,"swell1Period":9.965195655822754,"swell1Direction":70.0,"swell2Height":0.9570410847663879,"swell2Period":7.862356185913086,"swell2Direction":330.0}},{"type":"Feature","geometry":{"type":"Point","coordinates":[133.4,20.2]},"properties":{"model":"MRI3","waveHeight":2.7854158878326416,"wavePeriod":8.42327880859375,"peakPeriod":9.192388534545898,"waveDirection":50.0,"windSpeed":10.585064888000488,"windDirection":41.39979553222656,"swellHeight":1.7948267459869385,"windSeaHeight":2.1300559043884277,"seaLevelPressure":1020.1000366210938,"windSeaHeight_w":2.1300559043884277,"windSeaPeriod_w":7.652341365814209,"windSeaDir_w":40.0,"swell1Height":1.4776567220687866,"swell1Period":10.24179458618164,"swell1Direction":80.0,"swell2Height":1.0004912614822388,"swell2Period":8.043011665344238,"swell2Direction":330.0}},{"type":"Feature","geometry":{"type":"Point","coordinates":[134.2,20.2]},"properties":{"model":"MRI3","waveHeight":2.92753005027771,"wavePeriod":8.539426803588867,"peakPeriod":9.192388534545898,"waveDirection":60.0,"windSpeed":10.715301513671875,"windDirection":38.29237365722656,"swellHeight":1.9595582485198975,"windSeaHeight":2.174985885620117,"seaLevelPressure":1019.9000244140625,"windSeaHeight_w":2.174985885620117,"windSeaPeriod_w":7.749391078948975,"windSeaDir_w":40.0,"swell1Height":1.6849662065505981,"swell1Period":10.109355926513672,"swell1Direction":90.0,"swell2Height":0.9824844002723694,"swell2Period":7.8916401863098145,"swell2Direction":330.0}},{"type":"Feature","geometry":{"type":"Point","coordinates":[115.8,21.0]},"properties":{"model":"MRI3","waveHeight":2.815572738647461,"wavePeriod":8.568315505981445,"peakPeriod":9.192388534545898,"waveDirection":80.0,"windSpeed":11.092700004577637,"windDirection":58.71734619140625,"swellHeight":1.7554051876068115,"windSeaHeight":2.2013635635375977,"seaLevelPressure":1020.9000244140625,"windSeaHeight_w":2.2013635635375977,"windSeaPeriod_w":7.5892510414123535,"windSeaDir_w":60.0,"swell1Height":1.6824951171875,"swell1Period":10.348339080810547,"swell1Direction":100.0,"swell2Height":0.40370243787765503,"swell2Period":8.099839210510254,"swell2Direction":330.0}},{"type":"Feature","geometry":{"type":"Point","coordinates":[116.6,21.0]},"properties":{"model":"MRI3","waveHeight":3.0012660026550293,"wavePeriod":8.767822265625,"peakPeriod":10.024370193481445,"waveDirection":90.0,"windSpeed":10.192673683166504,"windDirection":60.945396423339844,"swellHeight":2.1962239742279053,"windSeaHeight":2.0455315113067627,"seaLevelPressure":1020.9000244140625,"windSeaHeight_w":2.0455315113067627,"windSeaPeriod_w":7.481631278991699,"windSeaDir_w":60.0,"swell1Height":2.1419289112091064,"swell1Period":10.054937362670898,"swell1Direction":100.0,"swell2Height":0.38563767075538635,"swell2Period":6.823071479797363,"swell2Direction":340.0}},{"type":"Feature","geometry":{"type":"Point","coordinates":[117.39999999999999,21.0]},"properties":{"model":"MRI3","waveHeight":3.482750177383423,"wavePeriod":8.521751403808594,"peakPeriod":9.192388534545898,"waveDirection":90.0,"windSpeed":11.15243911743164,"windDirection":77.30960083007812,"swellHeight":1.8948191404342651,"windSeaHeight":2.9221925735473633,"seaLevelPressure":1021.0,"windSeaHeight_w":2.9221925735473633,"windSeaPeriod_w":8.192750930786133,"windSeaDir_w":90.0,"swell1Height":1.7443950176239014,"swell1Period":9.866508483886719,"swell1Direction":100.0,"swell2Height":0.5471382737159729,"swell2Period":6.829391002655029,"swell2Direction":350.0}},{"type":"Feature","geometry":{"type":"Point","coordinates":[118.2,21.0]},"properties":{"model":"MRI3","waveHeight":3.7271437644958496,"wavePeriod":8.523694038391113,"peakPeriod":9.192388534545898,"waveDirection":90.0,"windSpeed":12.22793960571289,"windDirection":78.91980743408203,"swellHeight":1.5217701196670532,"windSeaHeight":3.40232515335083,"seaLevelPressure":1021.1000366210938,"windSeaHeight_w":3.40232515335083,"windSeaPeriod_w":8.582283020019531,"windSeaDir_w":90.0,"swell1Height":1.155985713005066,"swell1Period":9.552041053771973,"swell1Direction":110.0,"swell2Height":0.7382929921150208,"swell2Period":7.066166400909424,"swell2Direction":0.0}},{"type":"Feature","geometry":{"type":"Point","coordinates":[119.0,21.0]},"properties":{"model":"MRI3","waveHeight":3.941574811935425,"wavePeriod":8.423572540283203,"peakPeriod":9.192388534545898,"waveDirection":80.0,"windSpeed":12.507125854492188,"windDirection":77.4861068725586,"swellHeight":1.5562670230865479,"windSeaHeight":3.6213319301605225,"seaLevelPressure":1021.2999877929688,"windSeaHeight_w":3.6213319301605225,"windSeaPeriod_w":8.45981502532959,"windSeaDir_w":80.0,"swell1Height":1.0554386377334595,"swell1Period":9.382235527038574,"swell1Direction":120.0,"swell2Height":1.0486619472503662,"swell2Period":7.583515644073486,"swell2Direction":10.0}},{"type":"Feature","geometry":{"type":"Point","coordinates":[119.8,21.0]},"properties":{"model":"MRI3","waveHeight":3.888460874557495,"wavePeriod":8.260388374328613,"peakPeriod":9.192388534545898,"waveDirection":80.0,"windSpeed":13.249381065368652,"windDirection":72.70015716552734,"swellHeight":1.4508801698684692,"windSeaHeight":3.6076409816741943,"seaLevelPressure":1021.4000244140625,"windSeaHeight_w":3.6076409816741943,"windSeaPeriod_w":8.314139366149902,"windSeaDir_w":80.0,"swell1Height":1.0268217325210571,"swell1Period":8.587737083435059,"swell1Direction":130.0,"swell2Height":0.9457812309265137,"swell2Period":7.590916156768799,"swell2Direction":0.0}},{"type":"Feature","geometry":{"type":"Point","coordinates":[120.6,21.0]},"properties":{"model":"MRI3","waveHeight":3.7613744735717773,"wavePeriod":8.163252830505371,"peakPeriod":8.42945671081543,"waveDirection":70.0,"windSpeed":12.762527465820312,"windDirection":65.46316528320312,"swellHeight":1.4178365468978882,"windSeaHeight":3.483916997909546,"seaLevelPressure":1021.7000122070312,"windSeaHeight_w":3.483916997909546,"windSeaPeriod_w":8.171775817871094,"windSeaDir_w":70.0,"swell1Height":1.151564598083496,"swell1Period":8.422079086303711,"swell1Direction":20.0,"swell2Height":0.7808641195297241,"swell2Period":7.81121301651001,"swell2Direction":130.0}},{"type":"Feature","geometry":{"type":"Point","coordinates":[121.39999999999999,21.0]},"properties":{"model":"MRI3","waveHeight":3.572420597076416,"wavePeriod":7.980517387390137,"peakPeriod":8.42945671081543,"waveDirection":60.0,"windSpeed":11.919638633728027,"windDirection":61.04811096191406,"swellHeight":1.7480440139770508,"windSeaHeight":3.115530490875244,"seaLevelPressure":1021.9000244140625,"windSeaHeight_w":3.115530490875244,"windSeaPeriod_w":7.8215765953063965,"windSeaDir_w":60.0,"swell1Height":1.3417812585830688,"swell1Period":8.919083595275879,"swell1Direction":110.0,"swell2Height":1.0611135959625244,"swell2Period":8.19366455078125,"swell2Direction":0.0}},{"type":"Feature","geometry":{"type":"Point","coordinates":[122.2,21.0]},"properties":{"model":"MRI3","waveHeight":3.105105400085449,"wavePeriod":8.146760940551758,"peakPeriod":8.42945671081543,"waveDirection":60.0,"windSpeed":10.754687309265137,"windDirection":59.11846923828125,"swellHeight":1.8755156993865967,"windSeaHeight":2.474695920944214,"seaLevelPressure":1022.1000366210938,"windSeaHeight_w":2.474695920944214,"windSeaPeriod_w":7.6822590827941895,"windSeaDir_w":60.0,"swell1Height":1.6950428485870361,"swell1Period":9.354880332946777,"swell1Direction":40.0,"swell2Height":0.7621431946754456,"swell2Period":7.402055740356445,"swell2Direction":130.0}},{"type":"Feature","geometry":{"type":"Point","coordinates":[123.0,21.0]},"properties":{"model":"MRI3","waveHeight":2.9346742630004883,"wavePeriod":8.329995155334473,"peakPeriod":8.42945671081543,"waveDirection":60.0,"windSpeed":10.2899169921875,"windDirection":58.99805450439453,"swellHeight":1.9159678220748901,"windSeaHeight":2.22292160987854,"seaLevelPressure":1022.1000366210938,"windSeaHeight_w":2.22292160987854,"windSeaPeriod_w":7.725584506988525,"windSeaDir_w":60.0,"swell1Height":1.7772212028503418,"swell1Period":9.412102699279785,"swell1Direction":40.0,"swell2Height":0.6958078742027283,"swell2Period":7.6018524169921875,"swell2Direction":130.0}},{"type":"Feature","geometry":{"type":"Point","coordinates":[123.8,21.0]},"properties":{"model":"MRI3","waveHeight":2.903261661529541,"wavePeriod":8.28192138671875,"peakPeriod":8.42945671081543,"waveDirection":50.0,"windSpeed":10.55233097076416,"windDirection":59.157310485839844,"swellHeight":1.887660026550293,"windSeaHeight":2.2058260440826416,"seaLevelPressure":1021.9000244140625,"windSeaHeight_w":2.2058260440826416,"windSeaPeriod_w":7.6810078620910645,"windSeaDir_w":60.0,"swell1Height":1.7519077062606812,"swell1Period":9.343483924865723,"swell1Direction":30.0,"swell2Height":0.6803778409957886,"swell2Period":7.743988037109375,"swell2Direction":130.0}},{"type":"Feature","geometry":{"type":"Point","coordinates":[124.6,21.0]},"properties":{"model":"MRI3","waveHeight":2.8913118839263916,"wavePeriod":8.236505508422852,"peakPeriod":8.42945671081543,"waveDirection":50.0,"windSpeed":10.770329475402832,"windDirection":58.67131042480469,"swellHeight":1.8072532415390015,"windSeaHeight":2.256882905960083,"seaLevelPressure":1021.7000122070312,"windSeaHeight_w":2.256882905960083,"windSeaPeriod_w":7.679966926574707,"windSeaDir_w":60.0,"swell1Height":1.6867547035217285,"swell1Period":9.370155334472656,"swell1Direction":20.0,"swell2Height":0.6309670805931091,"swell2Period":7.405637264251709,"swell2Direction":130.0}},{"type":"Feature","geometry":{"type":"Point","coordinates":[125.4,21.0]},"properties":{"model":"MRI3","waveHeight":2.875255823135376,"wavePeriod":8.184381484985352,"peakPeriod":8.42945671081543,"waveDirection":50.0,"windSpeed":11.08341121673584,"windDirection":58.202857971191406,"swellHeight":1.797322154045105,"windSeaHeight":2.2442657947540283,"seaLevelPressure":1021.6000366210938,"windSeaHeight_w":2.2442657947540283,"windSeaPeriod_w":7.593132972717285,"windSeaDir_w":60.0,"swell1Height":1.6641414165496826,"swell1Period":9.364374160766602,"swell1Direction":10.0,"swell2Height":0.6648328900337219,"swell2Period":7.646499156951904,"swell2Direction":130.0}},{"type":"Feature","geometry":{"type":"Point","coordinates":[126.2,21.0]},"properties":{"model":"MRI3","waveHeight":2.857205390930176,"wavePeriod":8.158513069152832,"peakPeriod":8.42945671081543,"waveDirection":50.0,"windSpeed":11.349166870117188,"windDirection":56.28193664550781,"swellHeight":1.7515344619750977,"windSeaHeight":2.2573766708374023,"seaLevelPressure":1021.5,"windSeaHeight_w":2.2573766708374023,"windSeaPeriod_w":7.629312992095947,"windSeaDir_w":60.0,"swell1Height":1.636598825454712,"swell1Period":9.272438049316406,"swell1Direction":10.0,"swell2Height":0.6083442568778992,"swell2Period":7.528632164001465,"swell2Direction":130.0}},{"type":"Feature","geometry":{"type":"Point","coordinates":[127.0,21.0]},"properties":{"model":"MRI3","waveHeight":2.8211488723754883,"wavePeriod":8.140517234802246,"peakPeriod":8.42945671081543,"waveDirection":40.0,"windSpeed":11.308757781982422,"windDirection":54.792144775390625,"swellHeight":1.7124017477035522,"windSeaHeight":2.241999387741089,"seaLevelPressure":1021.2999877929688,"windSeaHeight_w":2.241999387741089,"windSeaPeriod_w":7.565143585205078,"windSeaDir_w":50.0,"swell1Height":1.532272458076477,"swell1Period":9.463238716125488,"swell1Direction":0.0,"swell2Height":0.7534878253936768,"swell2Period":7.835715293884277,"swell2Direction":120.0}},{"type":"Feature","geometry":{"type":"Point","coordinates":[127.8,21.0]},"properties":{"model":"MRI3","waveHeight":2.7728192806243896,"wavePeriod":8.143411636352539,"peakPeriod":8.42945671081543,"waveDirection":40.0,"windSpeed":11.058141708374023,"windDirection":53.420265197753906,"swellHeight":1.7390176057815552,"windSeaHeight":2.1597092151641846,"seaLevelPressure":1021.2999877929688,"windSeaHeight_w":2.1597092151641846,"windSeaPeriod_w":7.453442573547363,"windSeaDir_w":50.0,"swell1Height":1.5890212059020996,"swell1Period":9.480384826660156,"swell1Direction":0.0,"swell2Height":0.6960106492042542,"swell2Period":7.889235019683838,"swell2Direction":110.0}},{"type":"Feature","geometry":{"type":"Point","coordinates":[128.6,21.0]},"properties":{"model":"MRI3","waveHeight":2.710294246673584,"wavePeriod":8.149507522583008,"peakPeriod":8.42945671081543,"waveDirection":40.0,"windSpeed":10.977453231811523,"windDirection":51.32389831542969,"swellHeight":1.718787431716919,"windSeaHeight":2.0955820083618164,"seaLevelPressure":1021.2999877929688,"windSeaHeight_w":2.0955820083618164,"windSeaPeriod_w":7.426331520080566,"windSeaDir_w":50.0,"swell1Height":1.5878819227218628,"swell1Period":9.445003509521484,"swell1Direction":0.0,"swell2Height":0.6452241539955139,"swell2Period":8.019021987915039,"swell2Direction":110.0}},{"type":"Feature","geometry":{"type":"Point","coordinates":[129.4,21.0]},"properties":{"model":"MRI3","waveHeight":2.6487762928009033,"wavePeriod":8.173599243164062,"peakPeriod":8.42945671081543,"waveDirection":40.0,"windSpeed":10.792520523071289,"windDirection":49.77299499511719,"swellHeight":1.6985543966293335,"windSeaHeight":2.032468557357788,"seaLevelPressure":1021.2000122070312,"windSeaHeight_w":2.032468557357788,"windSeaPeriod_w":7.439848899841309,"windSeaDir_w":50.0,"swell1Height":1.5232800245285034,"swell1Period":9.285809516906738,"swell1Direction":350.0,"swell2Height":0.7265501618385315,"swell2Period":9.156866073608398,"swell2Direction":100.0}},{"type":"Feature","geometry":{"type":"Point","coordinates":[130.2,21.0]},"properties":{"model":"MRI3","waveHeight":2.6201088428497314,"wavePeriod":8.212299346923828,"peakPeriod":8.42945671081543,"waveDirection":40.0,"windSpeed":10.526585578918457,"windDirection":49.54631042480469,"swellHeight":1.7651171684265137,"windSeaHeight":1.93631911277771,"seaLevelPressure":1021.1000366210938,"windSeaHeight_w":1.93631911277771,"windSeaPeriod_w":7.3703718185424805,"windSeaDir_w":50.0,"swell1Height":1.5832244157791138,"swell1Period":9.242844581604004,"swell1Direction":350.0,"swell2Height":0.7486242055892944,"swell2Period":9.419549942016602,"swell2Direction":100.0}},{"type":"Feature","geometry":{"type":"Point","coordinates":[131.0,21.0]},"properties":{"model":"MRI3","waveHeight":2.6487226486206055,"wavePeriod":8.202207565307617,"peakPeriod":8.42945671081543,"waveDirection":40.0,"windSpeed":10.608510971069336,"windDirection":48.783599853515625,"swellHeight":1.7202281951904297,"windSeaHeight":2.014086961746216,"seaLevelPressure":1021.0,"windSeaHeight_w":2.014086961746216,"windSeaPeriod_w":7.429354667663574,"windSeaDir_w":50.0,"swell1Height":1.5372092723846436,"swell1Period":9.200627326965332,"swell1Direction":350.0,"swell2Height":0.7483486533164978,"swell2Period":9.74198055267334,"swell2Direction":100.0}},{"type":"Feature","geometry":{"type":"Point","coordinates":[131.8,21.0]},"properties":{"model":"MRI3","waveHeight":2.625710964202881,"wavePeriod":8.269169807434082,"peakPeriod":8.42945671081543,"waveDirection":40.0,"windSpeed":10.663508415222168,"windDirection":45.4559326171875,"swellHeight":1.6921327114105225,"windSeaHeight":2.0077462196350098,"seaLevelPressure":1020.9000244140625,"windSeaHeight_w":2.0077462196350098,"windSeaPeriod_w":7.6379547119140625,"windSeaDir_w":50.0,"swell1Height":1.451008677482605,"swell1Period":8.935262680053711,"swell1Direction":350.0,"swell2Height":0.853103518486023,"swell2Period":9.949115753173828,"swell2Direction":100.0}},{"type":"Feature","geometry":{"type":"Point","coordinates":[132.6,21.0]},"properties":{"model":"MRI3","waveHeight":2.666414737701416,"wavePeriod":8.325712203979492,"peakPeriod":8.42945671081543,"waveDirection":40.0,"windSpeed":9.746731758117676,"windDirection":40.42277526855469,"swellHeight":1.9329856634140015,"windSeaHeight":1.8366637229919434,"seaLevelPressure":1021.1000366210938,"windSeaHeight_w":1.8366637229919434,"windSeaPeriod_w":7.154628753662109,"windSeaDir_w":40.0,"swell1Height":1.5748533010482788,"swell1Period":9.851842880249023,"swell1Direction":60.0,"swell2Height":1.1110385656356812,"swell2Period":8.514747619628906,"swell2Direction":330.0}},{"type":"Feature","geometry":{"type":"Point","coordinates":[133.4,21.0]},"properties":{"model":"MRI3","waveHeight":2.7452547550201416,"wavePeriod":8.345135688781738,"peakPeriod":8.42945671081543,"waveDirection":40.0,"windSpeed":10.199142456054688,"windDirection":42.49664306640625,"swellHeight":1.9223320484161377,"windSeaHeight":1.9598630666732788,"seaLevelPressure":1020.7000122070312,"windSeaHeight_w":1.9598630666732788,"windSeaPeriod_w":7.386188983917236,"windSeaDir_w":40.0,"swell1Height":1.5696864128112793,"swell1Period":9.865006446838379,"swell1Direction":70.0,"swell2Height":1.099412441253662,"swell2Period":8.346542358398438,"swell2Direction":330.0}},{"type":"Feature","geometry":{"type":"Point","coordinates":[134.2,21.0]},"properties":{"model":"MRI3","waveHeight":2.806882619857788,"wavePeriod":8.404662132263184,"peakPeriod":8.42945671081543,"waveDirection":50.0,"windSpeed":10.120399475097656,"windDirection":36.360382080078125,"swellHeight":2.0661118030548096,"windSeaHeight":1.899940013885498,"seaLevelPressure":1020.7000122070312,"windSeaHeight_w":1.899940013885498,"windSeaPeriod_w":7.311666965484619,"windSeaDir_w":40.0,"swell1Height":1.7470574378967285,"swell1Period":9.814037322998047,"swell1Direction":80.0,"swell2Height":1.0918776988983154,"swell2Period":8.166484832763672,"swell2Direction":330.0}},{"type":"Feature","geometry":{"type":"Point","coordinates":[115.8,21.8]},"properties":{"model":"MRI3","waveHeight":2.4733710289001465,"wavePeriod":8.046408653259277,"peakPeriod":7.729846477508545,"waveDirection":80.0,"windSpeed":11.078229904174805,"windDirection":55.59270477294922,"swellHeight":1.3806498050689697,"windSeaHeight":2.0521624088287354,"seaLevelPressure":1022.2000122070312,"windSeaHeight_w":2.0521624088287354,"windSeaPeriod_w":7.187132358551025,"windSeaDir_w":60.0,"swell1Height":1.32439124584198,"swell1Period":10.18147087097168,"swell1Direction":110.0,"swell2Height":0.27311989665031433,"swell2Period":8.314955711364746,"swell2Direction":330.0}},{"type":"Feature","geometry":{"type":"Point","coordinates":[116.6,21.8]},"properties":{"model":"MRI3","waveHeight":2.565359592437744,"wavePeriod":8.152450561523438,"peakPeriod":7.729846477508545,"waveDirection":80.0,"windSpeed":10.93067741394043,"windDirection":51.127349853515625,"swellHeight":1.6143070459365845,"windSeaHeight":1.9937608242034912,"seaLevelPressure":1022.2000122070312,"windSeaHeight_w":1.9937608242034912,"windSeaPeriod_w":7.053733825683594,"windSeaDir_w":50.0,"swell1Height":1.5886317491531372,"swell1Period":9.934088706970215,"swell1Direction":110.0,"swell2Height":0.2361343950033188,"swell2Period":6.629404067993164,"swell2Direction":320.0}},{"type":"Feature","geometry":{"type":"Point","coordinates":[117.39999999999999,21.8]},"properties":{"model":"MRI3","waveHeight":2.562934398651123,"wavePeriod":8.322020530700684,"peakPeriod":9.192388534545898,"waveDirection":90.0,"windSpeed":9.96546459197998,"windDirection":48.29484558105469,"swellHeight":1.9171874523162842,"windSeaHeight":1.7008897066116333,"seaLevelPressure":1022.2000122070312,"windSeaHeight_w":1.7008897066116333,"windSeaPeriod_w":6.779454231262207,"windSeaDir_w":50.0,"swell1Height":1.8700200319290161,"swell1Period":9.700311660766602,"swell1Direction":110.0,"swell2Height":0.36698439717292786,"swell2Period":6.321346759796143,"swell2Direction":350.0}},{"type":"Feature","geometry":{"type":"Point","coordinates":[118.2,21.8]},"properties":{"model":"MRI3","waveHeight":2.605496644973755,"wavePeriod":8.444438934326172,"peakPeriod":9.192388534545898,"waveDirection":90.0,"windSpeed":7.792316436767578,"windDirection":45.0,"swellHeight":2.3817269802093506,"windSeaHeight":1.0564041137695312,"seaLevelPressure":1022.2999877929688,"windSeaHeight_w":1.0564041137695312,"windSeaPeriod_w":5.800265789031982,"windSeaDir_w":50.0,"swell1Height":2.288057804107666,"swell1Period":9.166058540344238,"swell1Direction":100.0,"swell2Height":0.6239315271377563,"swell2Period":6.648769378662109,"swell2Direction":350.0}},{"type":"Feature","geometry":{"type":"Point","coordinates":[119.0,21.8]},"properties":{"model":"MRI3","waveHeight":2.974259853363037,"wavePeriod":7.973325252532959,"peakPeriod":8.42945671081543,"waveDirection":100.0,"windSpeed":7.205032825469971,"windDirection":68.42010498046875,"swellHeight":2.6739742755889893,"windSeaHeight":1.302337646484375,"seaLevelPressure":1022.2000122070312,"windSeaHeight_w":1.302337646484375,"windSeaPeriod_w":5.534793376922607,"windSeaDir_w":80.0,"swell1Height":2.6000707149505615,"swell1Period":8.686792373657227,"swell1Direction":100.0,"swell2Height":0.5143634676933289,"swell2Period":6.662228107452393,"swell2Direction":340.0}},{"type":"Feature","geometry":{"type":"Point","coordinates":[119.8,21.8]},"properties":{"model":"MRI3","waveHeight":2.924562454223633,"wavePeriod":7.6714959144592285,"peakPeriod":8.42945671081543,"waveDirection":100.0,"windSpeed":11.530485153198242,"windDirection":83.22630310058594,"swellHeight":1.3474692106246948,"windSeaHeight":2.595648765563965,"seaLevelPressure":1022.2000122070312,"windSeaHeight_w":2.595648765563965,"windSeaPeriod_w":7.580183982849121,"windSeaDir_w":90.0,"swell1Height":1.0138660669326782,"swell1Period":8.612055778503418,"swell1Direction":130.0,"swell2Height":0.8316101431846619,"swell2Period":7.515559196472168,"swell2Direction":350.0}},{"type":"Feature","geometry":{"type":"Point","coordinates":[120.6,21.8]},"properties":{"model":"MRI3","waveHeight":2.685560703277588,"wavePeriod":7.704138278961182,"peakPeriod":8.42945671081543,"waveDirection":90.0,"windSpeed":12.648529052734375,"windDirection":62.604339599609375,"swellHeight":1.2631384134292603,"windSeaHeight":2.3699615001678467,"seaLevelPressure":1022.4000244140625,"windSeaHeight_w":2.3699615001678467,"windSeaPeriod_w":7.508829593658447,"windSeaDir_w":80.0,"swell1Height":1.205987811088562,"swell1Period":8.514105796813965,"swell1Direction":130.0,"swell2Height":0.3489070236682892,"swell2Period":7.314887523651123,"swell2Direction":330.0}},{"type":"Feature","geometry":{"type":"Point","coordinates":[121.39999999999999,21.8]},"properties":{"model":"MRI3","waveHeight":2.851743698120117,"wavePeriod":7.8082804679870605,"peakPeriod":8.42945671081543,"waveDirection":70.0,"windSpeed":10.907873153686523,"windDirection":50.69212341308594,"swellHeight":1.5752726793289185,"windSeaHeight":2.3771743774414062,"seaLevelPressure":1022.9000244140625,"windSeaHeight_w":2.3771743774414062,"windSeaPeriod_w":7.4116692543029785,"windSeaDir_w":50.0,"swell1Height":1.5141905546188354,"swell1Period":8.96731948852539,"swell1Direction":100.0,"swell2Height":0.3739629089832306,"swell2Period":5.543365955352783,"swell2Direction":340.0}},{"type":"Feature","geometry":{"type":"Point","coordinates":[122.2,21.8]},"properties":{"model":"MRI3","waveHeight":2.6221656799316406,"wavePeriod":8.181100845336914,"peakPeriod":8.42945671081543,"waveDirection":60.0,"windSpeed":9.53881549835205,"windDirection":55.59357452392578,"swellHeight":1.885632038116455,"windSeaHeight":1.8221263885498047,"seaLevelPressure":1023.0,"windSeaHeight_w":1.8221263885498047,"windSeaPeriod_w":7.259923458099365,"windSeaDir_w":60.0,"swell1Height":1.7266392707824707,"swell1Period":9.285966873168945,"swell1Direction":40.0,"swell2Height":0.7076719403266907,"swell2Period":8.143310546875,"swell2Direction":130.0}},{"type":"Feature","geometry":{"type":"Point","coordinates":[123.0,21.8]},"properties":{"model":"MRI3","waveHeight":2.598900318145752,"wavePeriod":8.20732307434082,"peakPeriod":8.42945671081543,"waveDirection":50.0,"windSpeed":9.164937973022461,"windDirection":60.162071228027344,"swellHeight":1.987500548362732,"windSeaHeight":1.6745522022247314,"seaLevelPressure":1022.9000244140625,"windSeaHeight_w":1.6745522022247314,"windSeaPeriod_w":6.989194869995117,"windSeaDir_w":60.0,"swell1Height":1.8519905805587769,"swell1Period":9.275880813598633,"swell1Direction":40.0,"swell2Height":0.6810951232910156,"swell2Period":8.002625465393066,"swell2Direction":130.0}},{"type":"Feature","geometry":{"type":"Point","coordinates":[123.8,21.8]},"properties":{"model":"MRI3","waveHeight":2.5931496620178223,"wavePeriod":8.192246437072754,"peakPeriod":8.42945671081543,"waveDirection":50.0,"windSpeed":9.54212760925293,"windDirection":60.56047821044922,"swellHeight":1.8999145030975342,"windSeaHeight":1.7648653984069824,"seaLevelPressure":1022.7000122070312,"windSeaHeight_w":1.7648653984069824,"windSeaPeriod_w":7.18123197555542,"windSeaDir_w":60.0,"swell1Height":1.772969126701355,"swell1Period":9.278051376342773,"swell1Direction":30.0,"swell2Height":0.6609167456626892,"swell2Period":7.78803014755249,"swell2Direction":130.0}},{"type":"Feature","geometry":{"type":"Point","coordinates":[124.6,21.8]},"properties":{"model":"MRI3","waveHeight":2.6305742263793945,"wavePeriod":8.169954299926758,"peakPeriod":8.42945671081543,"waveDirection":50.0,"windSpeed":9.904191017150879,"windDirection":60.147491455078125,"swellHeight":1.8583545684814453,"windSeaHeight":1.8618375062942505,"seaLevelPressure":1022.5,"windSeaHeight_w":1.8618375062942505,"windSeaPeriod_w":7.210622310638428,"windSeaDir_w":60.0,"swell1Height":1.610822319984436,"swell1Period":9.323070526123047,"swell1Direction":10.0,"swell2Height":0.7483667135238647,"swell2Period":9.146761894226074,"swell2Direction":90.0}},{"type":"Feature","geometry":{"type":"Point","coordinates":[125.4,21.8]},"properties":{"model":"MRI3","waveHeight":2.636812210083008,"wavePeriod":8.14388656616211,"peakPeriod":8.42945671081543,"waveDirection":40.0,"windSpeed":10.171036720275879,"windDirection":59.90576171875,"swellHeight":1.868619680404663,"windSeaHeight":1.860386848449707,"seaLevelPressure":1022.4000244140625,"windSeaHeight_w":1.860386848449707,"windSeaPeriod_w":7.118199348449707,"windSeaDir_w":60.0,"swell1Height":1.7464481592178345,"swell1Period":9.374804496765137,"swell1Direction":10.0,"swell2Height":0.6513310074806213,"swell2Period":7.777106285095215,"swell2Direction":120.0}},{"type":"Feature","geometry":{"type":"Point","coordinates":[126.2,21.8]},"properties":{"model":"MRI3","waveHeight":2.6432552337646484,"wavePeriod":8.183572769165039,"peakPeriod":8.42945671081543,"waveDirection":40.0,"windSpeed":10.27681827545166,"windDirection":59.667320251464844,"swellHeight":1.8511512279510498,"windSeaHeight":1.8868061304092407,"seaLevelPressure":1022.2999877929688,"windSeaHeight_w":1.8868061304092407,"windSeaPeriod_w":7.1895294189453125,"windSeaDir_w":60.0,"swell1Height":1.599017858505249,"swell1Period":9.29544734954834,"swell1Direction":0.0,"swell2Height":0.7526010274887085,"swell2Period":9.78994083404541,"swell2Direction":70.0}},{"type":"Feature","geometry":{"type":"Point","coordinates":[127.0,21.8]},"properties":{"model":"MRI3","waveHeight":2.6361215114593506,"wavePeriod":8.210022926330566,"peakPeriod":8.42945671081543,"waveDirection":30.0,"windSpeed":10.323433876037598,"windDirection":58.26524353027344,"swellHeight":1.8683615922927856,"windSeaHeight":1.859667181968689,"seaLevelPressure":1022.2000122070312,"windSeaHeight_w":1.859667181968689,"windSeaPeriod_w":7.138220310211182,"windSeaDir_w":60.0,"swell1Height":1.6574327945709229,"swell1Period":9.3491849899292,"swell1Direction":350.0,"swell2Height":0.7137834429740906,"swell2Period":9.768264770507812,"swell2Direction":70.0}},{"type":"Feature","geometry":{"type":"Point","coordinates":[127.8,21.8]},"properties":{"model":"MRI3","waveHeight":2.6204283237457275,"wavePeriod":8.237017631530762,"peakPeriod":8.42945671081543,"waveDirection":30.0,"windSpeed":10.304183959960938,"windDirection":55.67762756347656,"swellHeight":1.891424298286438,"windSeaHeight":1.8136038780212402,"seaLevelPressure":1022.2000122070312,"windSeaHeight_w":1.8136038780212402,"windSeaPeriod_w":7.09040641784668,"windSeaDir_w":60.0,"swell1Height":1.709248423576355,"swell1Period":9.334824562072754,"swell1Direction":350.0,"swell2Height":0.6851099133491516,"swell2Period":9.83975887298584,"swell2Direction":70.0}},{"type":"Feature","geometry":{"type":"Point","coordinates":[128.6,21.8]},"properties":{"model":"MRI3","waveHeight":2.5877041816711426,"wavePeriod":8.273723602294922,"peakPeriod":8.42945671081543,"waveDirection":30.0,"windSpeed":10.174226760864258,"windDirection":53.51304626464844,"swellHeight":1.8862383365631104,"windSeaHeight":1.7715297937393188,"seaLevelPressure":1022.1000366210938,"windSeaHeight_w":1.7715297937393188,"windSeaPeriod_w":6.957328796386719,"windSeaDir_w":50.0,"swell1Height":1.6884574890136719,"swell1Period":9.530401229858398,"swell1Direction":350.0,"swell2Height":0.7307120561599731,"swell2Period":9.636157035827637,"swell2Direction":80.0}},{"type":"Feature","geometry":{"type":"Point","coordinates":[129.4,21.8]},"properties":{"model":"MRI3","waveHeight":2.5474512577056885,"wavePeriod":8.322598457336426,"peakPeriod":9.192388534545898,"waveDirection":20.0,"windSpeed":9.962433815002441,"windDirection":51.07073974609375,"swellHeight":1.8814709186553955,"windSeaHeight":1.7174326181411743,"seaLevelPressure":1022.1000366210938,"windSeaHeight_w":1.7174326181411743,"windSeaPeriod_w":6.958304405212402,"windSeaDir_w":50.0,"swell1Height":1.7034237384796143,"swell1Period":9.508586883544922,"swell1Direction":350.0,"swell2Height":0.7026942372322083,"swell2Period":9.71732234954834,"swell2Direction":90.0}},{"type":"Feature","geometry":{"type":"Point","coordinates":[130.2,21.8]},"properties":{"model":"MRI3","waveHeight":2.535693883895874,"wavePeriod":8.353449821472168,"peakPeriod":9.192388534545898,"waveDirection":20.0,"windSpeed":9.972607612609863,"windDirection":48.94380187988281,"swellHeight":1.8890069723129272,"windSeaHeight":1.6915661096572876,"seaLevelPressure":1022.0,"windSeaHeight_w":1.6915661096572876,"windSeaPeriod_w":7.008193016052246,"windSeaDir_w":50.0,"swell1Height":1.7307006120681763,"swell1Period":9.459720611572266,"swell1Direction":350.0,"swell2Height":0.7303524017333984,"swell2Period":9.514699935913086,"swell2Direction":100.0}},{"type":"Feature","geometry":{"type":"Point","coordinates":[131.0,21.8]},"properties":{"model":"MRI3","waveHeight":2.5440590381622314,"wavePeriod":8.352022171020508,"peakPeriod":9.192388534545898,"waveDirection":20.0,"windSpeed":10.039347648620605,"windDirection":46.897064208984375,"swellHeight":1.897843360900879,"windSeaHeight":1.6942334175109863,"seaLevelPressure":1021.9000244140625,"windSeaHeight_w":1.6942334175109863,"windSeaPeriod_w":7.044299125671387,"windSeaDir_w":50.0,"swell1Height":1.724550724029541,"swell1Period":9.382987022399902,"swell1Direction":350.0,"swell2Height":0.7718914747238159,"swell2Period":9.636555671691895,"swell2Direction":100.0}},{"type":"Feature","geometry":{"type":"Point","coordinates":[131.8,21.8]},"properties":{"model":"MRI3","waveHeight":2.531094551086426,"wavePeriod":8.421521186828613,"peakPeriod":9.192388534545898,"waveDirection":30.0,"windSpeed":9.709711074829102,"windDirection":44.12373352050781,"swellHeight":1.9092479944229126,"windSeaHeight":1.661689281463623,"seaLevelPressure":1021.9000244140625,"windSeaHeight_w":1.661689281463623,"windSeaPeriod_w":7.0243635177612305,"windSeaDir_w":40.0,"swell1Height":1.6498465538024902,"swell1Period":9.531023025512695,"swell1Direction":350.0,"swell2Height":0.9502770304679871,"swell2Period":9.409279823303223,"swell2Direction":90.0}},{"type":"Feature","geometry":{"type":"Point","coordinates":[132.6,21.8]},"properties":{"model":"MRI3","waveHeight":2.6116323471069336,"wavePeriod":8.400941848754883,"peakPeriod":8.42945671081543,"waveDirection":30.0,"windSpeed":9.27856159210205,"windDirection":38.21620178222656,"swellHeight":2.0776987075805664,"windSeaHeight":1.5823373794555664,"seaLevelPressure":1021.9000244140625,"windSeaHeight_w":1.5823373794555664,"windSeaPeriod_w":6.7781901359558105,"windSeaDir_w":40.0,"swell1Height":1.776586890220642,"swell1Period":9.384537696838379,"swell1Direction":350.0,"swell2Height":1.0701525211334229,"swell2Period":9.27700138092041,"swell2Direction":90.0}},{"type":"Feature","geometry":{"type":"Point","coordinates":[133.4,21.8]},"properties":{"model":"MRI3","waveHeight":2.6648736000061035,"wavePeriod":8.378711700439453,"peakPeriod":8.42945671081543,"waveDirection":30.0,"windSpeed":9.806171417236328,"windDirection":38.54118347167969,"swellHeight":1.9726605415344238,"windSeaHeight":1.7916926145553589,"seaLevelPressure":1021.4000244140625,"windSeaHeight_w":1.7916926145553589,"windSeaPeriod_w":7.232180118560791,"windSeaDir_w":40.0,"swell1Height":1.6829488277435303,"swell1Period":9.361440658569336,"swell1Direction":350.0,"swell2Height":1.020656704902649,"swell2Period":9.297815322875977,"swell2Direction":100.0}},{"type":"Feature","geometry":{"type":"Point","coordinates":[134.2,21.8]},"properties":{"model":"MRI3","waveHeight":2.6570801734924316,"wavePeriod":8.350542068481445,"peakPeriod":8.42945671081543,"waveDirection":30.0,"windSpeed":9.39516830444336,"windDirection":35.38172912597656,"swellHeight":2.06419038772583,"windSeaHeight":1.6730786561965942,"seaLevelPressure":1021.4000244140625,"windSeaHeight_w":1.6730786561965942,"windSeaPeriod_w":7.033437728881836,"windSeaDir_w":40.0,"swell1Height":1.7683372497558594,"swell1Period":9.280794143676758,"swell1Direction":0.0,"swell2Height":1.0544252395629883,"swell2Period":9.119267463684082,"swell2Direction":100.0}},{"type":"Feature","geometry":{"type":"Point","coordinates":[115.8,22.6]},"properties":{"model":"MRI3","waveHeight":1.6352659463882446,"wavePeriod":7.297956943511963,"peakPeriod":7.0883002281188965,"waveDirection":100.0,"windSpeed":8.428000450134277,"windDirection":53.10292053222656,"swellHeight":1.2452350854873657,"windSeaHeight":1.0599455833435059,"seaLevelPressure":1023.4000244140625,"windSeaHeight_w":1.0599455833435059,"windSeaPeriod_w":6.087982654571533,"windSeaDir_w":70.0,"swell1Height":1.2232630252838135,"swell1Period":8.137373924255371,"swell1Direction":110.0,"swell2Height":0.12383069843053818,"swell2Period":10.540026664733887,"swell2Direction":100.0}},{"type":"Feature","geometry":{"type":"Point","coordinates":[116.6,22.6]},"properties":{"model":"MRI3","waveHeight":2.0535740852355957,"wavePeriod":7.275388717651367,"peakPeriod":7.0883002281188965,"waveDirection":80.0,"windSpeed":10.496904373168945,"windDirection":46.466827392578125,"swellHeight":1.0314054489135742,"windSeaHeight":1.7757729291915894,"seaLevelPressure":1023.5,"windSeaHeight_w":1.7757729291915894,"windSeaPeriod_w":6.751079559326172,"windSeaDir_w":60.0,"swell1Height":1.0169792175292969,"swell1Period":8.903214454650879,"swell1Direction":120.0,"swell2Height":0.060663819313049316,"swell2Period":8.69335651397705,"swell2Direction":10.0}},{"type":"Feature","geometry":{"type":"Point","coordinates":[117.39999999999999,22.6]},"properties":{"model":"MRI3","waveHeight":2.054541826248169,"wavePeriod":7.238164901733398,"peakPeriod":7.0883002281188965,"waveDirection":60.0,"windSpeed":10.504651069641113,"windDirection":38.15724182128906,"swellHeight":1.026764988899231,"windSeaHeight":1.779577374458313,"seaLevelPressure":1023.4000244140625,"windSeaHeight_w":1.779577374458313,"windSeaPeriod_w":6.738611698150635,"windSeaDir_w":40.0,"swell1Height":0.9959081411361694,"swell1Period":8.85759162902832,"swell1Direction":120.0,"swell2Height":0.21885421872138977,"swell2Period":7.213567733764648,"swell2Direction":350.0}},{"type":"Feature","geometry":{"type":"Point","coordinates":[118.2,22.6]},"properties":{"model":"MRI3","waveHeight":1.6099975109100342,"wavePeriod":6.9862213134765625,"peakPeriod":7.729846477508545,"waveDirection":50.0,"windSpeed":9.415412902832031,"windDirection":30.650680541992188,"swellHeight":0.9586933851242065,"windSeaHeight":1.2934446334838867,"seaLevelPressure":1023.1000366210938,"windSeaHeight_w":1.2934446334838867,"windSeaPeriod_w":6.311728000640869,"windSeaDir_w":30.0,"swell1Height":0.8384559750556946,"swell1Period":8.535518646240234,"swell1Direction":130.0,"swell2Height":0.4556233286857605,"swell2Period":7.274651527404785,"swell2Direction":340.0}},{"type":"Feature","geometry":{"type":"Point","coordinates":[119.0,22.6]},"properties":{"model":"MRI3","waveHeight":1.9134411811828613,"wavePeriod":7.556493759155273,"peakPeriod":7.729846477508545,"waveDirection":60.0,"windSpeed":7.374889850616455,"windDirection":20.892501831054688,"swellHeight":1.5839769840240479,"windSeaHeight":1.0734403133392334,"seaLevelPressure":1022.6000366210938,"windSeaHeight_w":1.0734403133392334,"windSeaPeriod_w":5.824431419372559,"windSeaDir_w":20.0,"swell1Height":1.3187057971954346,"swell1Period":8.4471435546875,"swell1Direction":110.0,"swell2Height":0.8729214668273926,"swell2Period":8.161707878112793,"swell2Direction":10.0}},{"type":"Feature","geometry":{"type":"Point","coordinates":[119.8,22.6]},"properties":{"model":"MRI3","waveHeight":1.3396837711334229,"wavePeriod":7.421820640563965,"peakPeriod":7.729846477508545,"waveDirection":50.0,"windSpeed":2.2686119079589844,"windDirection":7.34429931640625,"swellHeight":1.3396837711334229,"windSeaHeight":0.0,"seaLevelPressure":1022.2000122070312,"windSeaHeight_w":0.0,"windSeaPeriod_w":2.0,"windSeaDir_w":null,"swell1Height":0.9990907907485962,"swell1Period":7.263552665710449,"swell1Direction":0.0,"swell2Height":0.8832897543907166,"swell2Period":7.688586711883545,"swell2Direction":130.0}},{"type":"Feature","geometry":{"type":"Point","coordinates":[121.39999999999999,22.6]},"properties":{"model":"MRI3","waveHeight":1.956560730934143,"wavePeriod":7.981512546539307,"peakPeriod":8.42945671081543,"waveDirection":70.0,"windSpeed":7.8480119705200195,"windDirection":21.137100219726562,"swellHeight":1.7202157974243164,"windSeaHeight":0.9321948885917664,"seaLevelPressure":1024.2000732421875,"windSeaHeight_w":0.9321948885917664,"windSeaPeriod_w":5.776972770690918,"windSeaDir_w":30.0,"swell1Height":1.6241052150726318,"swell1Period":8.690844535827637,"swell1Direction":70.0,"swell2Height":0.5358879566192627,"swell2Period":7.9980645179748535,"swell2Direction":130.0}},{"type":"Feature","geometry":{"type":"Point","coordinates":[122.2,22.6]},"properties":{"model":"MRI3","waveHeight":2.181337594985962,"wavePeriod":8.147126197814941,"peakPeriod":8.42945671081543,"waveDirection":60.0,"windSpeed":7.5408220291137695,"windDirection":48.87126159667969,"swellHeight":1.8901755809783936,"windSeaHeight":1.0887925624847412,"seaLevelPressure":1023.7999877929688,"windSeaHeight_w":1.0887925624847412,"windSeaPeriod_w":6.026944160461426,"windSeaDir_w":50.0,"swell1Height":1.7656012773513794,"swell1Period":8.987146377563477,"swell1Direction":50.0,"swell2Height":0.6391071081161499,"swell2Period":7.964321136474609,"swell2Direction":130.0}},{"type":"Feature","geometry":{"type":"Point","coordinates":[123.0,22.6]},"properties":{"model":"MRI3","waveHeight":2.2708957195281982,"wavePeriod":8.183577537536621,"peakPeriod":8.42945671081543,"waveDirection":50.0,"windSpeed":7.874979019165039,"windDirection":60.14683532714844,"swellHeight":1.9597645998001099,"windSeaHeight":1.1472969055175781,"seaLevelPressure":1023.5,"windSeaHeight_w":1.1472969055175781,"windSeaPeriod_w":6.109413146972656,"windSeaDir_w":60.0,"swell1Height":1.5340596437454224,"swell1Period":9.099246978759766,"swell1Direction":20.0,"swell2Height":1.086990237236023,"swell2Period":8.767545700073242,"swell2Direction":70.0}},{"type":"Feature","geometry":{"type":"Point","coordinates":[123.8,22.6]},"properties":{"model":"MRI3","waveHeight":2.3060595989227295,"wavePeriod":8.184408187866211,"peakPeriod":8.42945671081543,"waveDirection":40.0,"windSpeed":8.14118480682373,"windDirection":65.70166015625,"swellHeight":1.9430137872695923,"windSeaHeight":1.2420176267623901,"seaLevelPressure":1023.4000244140625,"windSeaHeight_w":1.2420176267623901,"windSeaPeriod_w":6.3233842849731445,"windSeaDir_w":70.0,"swell1Height":1.613150954246521,"swell1Period":9.078145027160645,"swell1Direction":10.0,"swell2Height":0.9469174742698669,"swell2Period":8.907588958740234,"swell2Direction":70.0}},{"type":"Feature","geometry":{"type":"Point","coordinates":[124.6,22.6]},"properties":{"model":"MRI3","waveHeight":2.372191905975342,"wavePeriod":8.210193634033203,"peakPeriod":8.42945671081543,"waveDirection":40.0,"windSpeed":8.691110610961914,"windDirection":64.58484649658203,"swellHeight":1.896198034286499,"windSeaHeight":1.425386667251587,"seaLevelPressure":1023.2000122070312,"windSeaHeight_w":1.425386667251587,"windSeaPeriod_w":6.629388332366943,"windSeaDir_w":60.0,"swell1Height":1.6536636352539062,"swell1Period":9.3058443069458,"swell1Direction":10.0,"swell2Height":0.7899313569068909,"swell2Period":8.86250114440918,"swell2Direction":80.0}},{"type":"Feature","geometry":{"type":"Point","coordinates":[125.4,22.6]},"properties":{"model":"MRI3","waveHeight":2.385709762573242,"wavePeriod":8.211898803710938,"peakPeriod":8.42945671081543,"waveDirection":30.0,"windSpeed":9.01235294342041,"windDirection":62.58197784423828,"swellHeight":1.8644849061965942,"windSeaHeight":1.4883906841278076,"seaLevelPressure":1023.1000366210938,"windSeaHeight_w":1.4883906841278076,"windSeaPeriod_w":6.671440601348877,"windSeaDir_w":60.0,"swell1Height":1.6596190929412842,"swell1Period":9.36606502532959,"swell1Direction":0.0,"swell2Height":0.7169750332832336,"swell2Period":9.047289848327637,"swell2Direction":80.0}},{"type":"Feature","geometry":{"type":"Point","coordinates":[126.2,22.6]},"properties":{"model":"MRI3","waveHeight":2.4264137744903564,"wavePeriod":8.35864543914795,"peakPeriod":8.42945671081543,"waveDirection":30.0,"windSpeed":9.00725269317627,"windDirection":59.363525390625,"swellHeight":1.9415644407272339,"windSeaHeight":1.4552701711654663,"seaLevelPressure":1023.0,"windSeaHeight_w":1.4552701711654663,"windSeaPeriod_w":6.607501983642578,"windSeaDir_w":60.0,"swell1Height":1.7974168062210083,"swell1Period":9.470688819885254,"swell1Direction":0.0,"swell2Height":0.7196915745735168,"swell2Period":8.688297271728516,"swell2Direction":110.0}},{"type":"Feature","geometry":{"type":"Point","coordinates":[127.0,22.6]},"properties":{"model":"MRI3","waveHeight":2.447589635848999,"wavePeriod":8.433642387390137,"peakPeriod":9.192388534545898,"waveDirection":20.0,"windSpeed":9.309307098388672,"windDirection":58.52960205078125,"swellHeight":1.9844564199447632,"windSeaHeight":1.43269944190979,"seaLevelPressure":1022.7999877929688,"windSeaHeight_w":1.43269944190979,"windSeaPeriod_w":6.555595397949219,"windSeaDir_w":60.0,"swell1Height":1.866782307624817,"swell1Period":9.506333351135254,"swell1Direction":0.0,"swell2Height":0.6604170203208923,"swell2Period":8.802709579467773,"swell2Direction":110.0}},{"type":"Feature","geometry":{"type":"Point","coordinates":[127.8,22.6]},"properties":{"model":"MRI3","waveHeight":2.447322130203247,"wavePeriod":8.503297805786133,"peakPeriod":9.192388534545898,"waveDirection":20.0,"windSpeed":9.258514404296875,"windDirection":56.94500732421875,"swellHeight":2.008085250854492,"windSeaHeight":1.3989206552505493,"seaLevelPressure":1022.7000122070312,"windSeaHeight_w":1.3989206552505493,"windSeaPeriod_w":6.502426624298096,"windSeaDir_w":60.0,"swell1Height":1.8991987705230713,"swell1Period":9.536650657653809,"swell1Direction":350.0,"swell2Height":0.6393952965736389,"swell2Period":9.053325653076172,"swell2Direction":110.0}},{"type":"Feature","geometry":{"type":"Point","coordinates":[128.6,22.6]},"properties":{"model":"MRI3","waveHeight":2.4450623989105225,"wavePeriod":8.561308860778809,"peakPeriod":9.192388534545898,"waveDirection":10.0,"windSpeed":9.022000312805176,"windDirection":54.33683776855469,"swellHeight":1.994052529335022,"windSeaHeight":1.4149502515792847,"seaLevelPressure":1022.7000122070312,"windSeaHeight_w":1.4149502515792847,"windSeaPeriod_w":6.5079545974731445,"windSeaDir_w":50.0,"swell1Height":1.8739248514175415,"swell1Period":9.70760726928711,"swell1Direction":350.0,"swell2Height":0.6595089435577393,"swell2Period":8.909918785095215,"swell2Direction":100.0}},{"type":"Feature","geometry":{"type":"Point","coordinates":[129.4,22.6]},"properties":{"model":"MRI3","waveHeight":2.4307913780212402,"wavePeriod":8.604266166687012,"peakPeriod":9.192388534545898,"waveDirection":10.0,"windSpeed":8.93653678894043,"windDirection":52.50177764892578,"swellHeight":2.013892412185669,"windSeaHeight":1.3612436056137085,"seaLevelPressure":1022.7000122070312,"windSeaHeight_w":1.3612436056137085,"windSeaPeriod_w":6.407886028289795,"windSeaDir_w":50.0,"swell1Height":1.9017760753631592,"swell1Period":9.691793441772461,"swell1Direction":350.0,"swell2Height":0.6305463910102844,"swell2Period":9.153239250183105,"swell2Direction":100.0}},{"type":"Feature","geometry":{"type":"Point","coordinates":[130.2,22.6]},"properties":{"model":"MRI3","waveHeight":2.423295497894287,"wavePeriod":8.611844062805176,"peakPeriod":9.192388534545898,"waveDirection":10.0,"windSpeed":8.892210006713867,"windDirection":50.38417053222656,"swellHeight":2.027437686920166,"windSeaHeight":1.3273499011993408,"seaLevelPressure":1022.6000366210938,"windSeaHeight_w":1.3273499011993408,"windSeaPeriod_w":6.406181335449219,"windSeaDir_w":50.0,"swell1Height":1.9109386205673218,"swell1Period":9.627326965332031,"swell1Direction":350.0,"swell2Height":0.650648832321167,"swell2Period":9.22733211517334,"swell2Direction":100.0}},{"type":"Feature","geometry":{"type":"Point","coordinates":[131.0,22.6]},"properties":{"model":"MRI3","waveHeight":2.4360768795013428,"wavePeriod":8.59778118133545,"peakPeriod":9.192388534545898,"waveDirection":10.0,"windSpeed":8.956896781921387,"windDirection":46.90013122558594,"swellHeight":2.025529146194458,"windSeaHeight":1.3534038066864014,"seaLevelPressure":1022.6000366210938,"windSeaHeight_w":1.3534038066864014,"windSeaPeriod_w":6.5258355140686035,"windSeaDir_w":50.0,"swell1Height":1.8760613203048706,"swell1Period":9.553515434265137,"swell1Direction":340.0,"swell2Height":0.7429835200309753,"swell2Period":9.51404094696045,"swell2Direction":100.0}},{"type":"Feature","geometry":{"type":"Point","coordinates":[131.8,22.6]},"properties":{"model":"MRI3","waveHeight":2.4738974571228027,"wavePeriod":8.579784393310547,"peakPeriod":9.192388534545898,"waveDirection":10.0,"windSpeed":8.769680976867676,"windDirection":42.458282470703125,"swellHeight":2.0789794921875,"windSeaHeight":1.34089994430542,"seaLevelPressure":1022.5,"windSeaHeight_w":1.34089994430542,"windSeaPeriod_w":6.43279504776001,"windSeaDir_w":40.0,"swell1Height":1.8804905414581299,"swell1Period":9.575490951538086,"swell1Direction":350.0,"swell2Height":0.8770090341567993,"swell2Period":9.080695152282715,"swell2Direction":100.0}},{"type":"Feature","geometry":{"type":"Point","coordinates":[132.6,22.6]},"properties":{"model":"MRI3","waveHeight":2.5376267433166504,"wavePeriod":8.549707412719727,"peakPeriod":9.192388534545898,"waveDirection":10.0,"windSpeed":8.720876693725586,"windDirection":38.34173583984375,"swellHeight":2.1479742527008057,"windSeaHeight":1.3512054681777954,"seaLevelPressure":1022.2999877929688,"windSeaHeight_w":1.3512054681777954,"windSeaPeriod_w":6.431105613708496,"windSeaDir_w":40.0,"swell1Height":1.915229320526123,"swell1Period":9.489755630493164,"swell1Direction":350.0,"swell2Height":0.9630109667778015,"swell2Period":9.06209945678711,"swell2Direction":100.0}},{"type":"Feature","geometry":{"type":"Point","coordinates":[133.4,22.6]},"properties":{"model":"MRI3","waveHeight":2.597621202468872,"wavePeriod":8.544843673706055,"peakPeriod":9.192388534545898,"waveDirection":20.0,"windSpeed":8.766715049743652,"windDirection":36.137908935546875,"swellHeight":2.2286014556884766,"windSeaHeight":1.3345303535461426,"seaLevelPressure":1022.1000366210938,"windSeaHeight_w":1.3345303535461426,"windSeaPeriod_w":6.414140224456787,"windSeaDir_w":40.0,"swell1Height":1.9413636922836304,"swell1Period":9.412601470947266,"swell1Direction":350.0,"swell2Height":1.0857363939285278,"swell2Period":9.041838645935059,"swell2Direction":100.0}},{"type":"Feature","geometry":{"type":"Point","coordinates":[134.2,22.6]},"properties":{"model":"MRI3","waveHeight":2.669553518295288,"wavePeriod":8.542327880859375,"peakPeriod":9.192388534545898,"waveDirection":20.0,"windSpeed":8.343890190124512,"windDirection":32.718719482421875,"swellHeight":2.344634771347046,"windSeaHeight":1.2764027118682861,"seaLevelPressure":1022.1000366210938,"windSeaHeight_w":1.2764027118682861,"windSeaPeriod_w":6.2002105712890625,"windSeaDir_w":30.0,"swell1Height":1.9444342851638794,"swell1Period":9.437836647033691,"swell1Direction":350.0,"swell2Height":1.3020007610321045,"swell2Period":8.838361740112305,"swell2Direction":100.0}},{"type":"Feature","geometry":{"type":"Point","coordinates":[117.39999999999999,23.400000000000002]},"properties":{"model":"MRI3","waveHeight":1.502992868423462,"wavePeriod":6.678358554840088,"peakPeriod":7.0883002281188965,"waveDirection":70.0,"windSpeed":9.430191040039062,"windDirection":36.50535583496094,"swellHeight":0.743640661239624,"windSeaHeight":1.3061339855194092,"seaLevelPressure":1024.4000244140625,"windSeaHeight_w":1.3061339855194092,"windSeaPeriod_w":6.346650123596191,"windSeaDir_w":50.0,"swell1Height":0.7382451295852661,"swell1Period":7.730964660644531,"swell1Direction":100.0,"swell2Height":0.0767923891544342,"swell2Period":5.175896644592285,"swell2Direction":340.0}},{"type":"Feature","geometry":{"type":"Point","coordinates":[118.2,23.400000000000002]},"properties":{"model":"MRI3","waveHeight":2.2105984687805176,"wavePeriod":6.944395542144775,"peakPeriod":7.729846477508545,"waveDirection":50.0,"windSpeed":10.517765045166016,"windDirection":25.030059814453125,"swellHeight":0.6670435070991516,"windSeaHeight":2.107557535171509,"seaLevelPressure":1023.7999877929688,"windSeaHeight_w":2.107557535171509,"windSeaPeriod_w":6.918881893157959,"windSeaDir_w":40.0,"swell1Height":0.6365421414375305,"swell1Period":7.360369682312012,"swell1Direction":90.0,"swell2Height":0.17221106588840485,"swell2Period":5.0168046951293945,"swell2Direction":320.0}},{"type":"Feature","geometry":{"type":"Point","coordinates":[119.0,23.400000000000002]},"properties":{"model":"MRI3","waveHeight":2.3825161457061768,"wavePeriod":6.930488586425781,"peakPeriod":7.729846477508545,"waveDirection":30.0,"windSpeed":9.578997611999512,"windDirection":21.046112060546875,"swellHeight":0.9567716717720032,"windSeaHeight":2.1819651126861572,"seaLevelPressure":1023.0,"windSeaHeight_w":2.1819651126861572,"windSeaPeriod_w":6.793325424194336,"windSeaDir_w":20.0,"swell1Height":0.8948101997375488,"swell1Period":7.953944683074951,"swell1Direction":70.0,"swell2Height":0.2728576064109802,"swell2Period":4.78316068649292,"swell2Direction":310.0}},{"type":"Feature","geometry":{"type":"Point","coordinates":[119.8,23.400000000000002]},"properties":{"model":"MRI3","waveHeight":1.3247967958450317,"wavePeriod":6.965239524841309,"peakPeriod":7.0883002281188965,"waveDirection":20.0,"windSpeed":5.104507923126221,"windDirection":15.4520263671875,"swellHeight":1.249660849571228,"windSeaHeight":0.4398117959499359,"seaLevelPressure":1022.2999877929688,"windSeaHeight_w":0.4398117959499359,"windSeaPeriod_w":4.4020185470581055,"windSeaDir_w":20.0,"swell1Height":1.2032352685928345,"swell1Period":7.303988933563232,"swell1Direction":10.0,"swell2Height":0.3105470836162567,"swell2Period":7.476572036743164,"swell2Direction":150.0}},{"type":"Feature","geometry":{"type":"Point","coordinates":[122.2,23.400000000000002]},"properties":{"model":"MRI3","waveHeight":1.8554450273513794,"wavePeriod":8.258607864379883,"peakPeriod":8.42945671081543,"waveDirection":50.0,"windSpeed":5.120595455169678,"windDirection":63.434959411621094,"swellHeight":1.8052116632461548,"windSeaHeight":0.4288206994533539,"seaLevelPressure":1024.5,"windSeaHeight_w":0.4288206994533539,"windSeaPeriod_w":4.468040943145752,"windSeaDir_w":60.0,"swell1Height":1.6353614330291748,"swell1Period":8.616549491882324,"swell1Direction":40.0,"swell2Height":0.740351140499115,"swell2Period":7.790621280670166,"swell2Direction":120.0}},{"type":"Feature","geometry":{"type":"Point","coordinates":[123.0,23.400000000000002]},"properties":{"model":"MRI3","waveHeight":2.012791156768799,"wavePeriod":8.311185836791992,"peakPeriod":8.42945671081543,"waveDirection":40.0,"windSpeed":6.304038047790527,"windDirection":65.14234161376953,"swellHeight":1.8976861238479614,"windSeaHeight":0.6709064841270447,"seaLevelPressure":1024.2000732421875,"windSeaHeight_w":0.6709064841270447,"windSeaPeriod_w":5.0892252922058105,"windSeaDir_w":70.0,"swell1Height":1.7427213191986084,"swell1Period":8.816362380981445,"swell1Direction":20.0,"swell2Height":0.7361979484558105,"swell2Period":8.266974449157715,"swell2Direction":120.0}},{"type":"Feature","geometry":{"type":"Point","coordinates":[123.8,23.400000000000002]},"properties":{"model":"MRI3","waveHeight":2.0830907821655273,"wavePeriod":8.285133361816406,"peakPeriod":8.42945671081543,"waveDirection":30.0,"windSpeed":7.155396461486816,"windDirection":67.48485565185547,"swellHeight":1.890194296836853,"windSeaHeight":0.8754616975784302,"seaLevelPressure":1023.9000244140625,"windSeaHeight_w":0.8754616975784302,"windSeaPeriod_w":5.597842216491699,"windSeaDir_w":70.0,"swell1Height":1.7484819889068604,"swell1Period":8.976264953613281,"swell1Direction":20.0,"swell2Height":0.7020701766014099,"swell2Period":8.297721862792969,"swell2Direction":120.0}},{"type":"Feature","geometry":{"type":"Point","coordinates":[124.6,23.400000000000002]},"properties":{"model":"MRI3","waveHeight":2.1852335929870605,"wavePeriod":8.363239288330078,"peakPeriod":9.192388534545898,"waveDirection":30.0,"windSpeed":7.619718074798584,"windDirection":66.7322998046875,"swellHeight":1.922537088394165,"windSeaHeight":1.0387959480285645,"seaLevelPressure":1023.9000244140625,"windSeaHeight_w":1.0387959480285645,"windSeaPeriod_w":5.932422637939453,"windSeaDir_w":70.0,"swell1Height":1.8067798614501953,"swell1Period":9.170841217041016,"swell1Direction":10.0,"swell2Height":0.6437897682189941,"swell2Period":8.424872398376465,"swell2Direction":120.0}},{"type":"Feature","geometry":{"type":"Point","coordinates":[125.4,23.400000000000002]},"properties":{"model":"MRI3","waveHeight":2.1845552921295166,"wavePeriod":8.351358413696289,"peakPeriod":8.42945671081543,"waveDirection":30.0,"windSpeed":7.911617755889893,"windDirection":66.22135162353516,"swellHeight":1.8943684101104736,"windSeaHeight":1.0879571437835693,"seaLevelPressure":1023.7999877929688,"windSeaHeight_w":1.0879571437835693,"windSeaPeriod_w":6.056568622589111,"windSeaDir_w":70.0,"swell1Height":1.7964881658554077,"swell1Period":9.1875,"swell1Direction":10.0,"swell2Height":0.5894517302513123,"swell2Period":8.514532089233398,"swell2Direction":120.0}},{"type":"Feature","geometry":{"type":"Point","coordinates":[126.2,23.400000000000002]},"properties":{"model":"MRI3","waveHeight":2.3015754222869873,"wavePeriod":8.63421630859375,"peakPeriod":9.192388534545898,"waveDirection":20.0,"windSpeed":7.84434175491333,"windDirection":63.01031494140625,"swellHeight":2.049372434616089,"windSeaHeight":1.0475313663482666,"seaLevelPressure":1023.7000122070312,"windSeaHeight_w":1.0475313663482666,"windSeaPeriod_w":5.879342555999756,"windSeaDir_w":60.0,"swell1Height":1.938018560409546,"swell1Period":9.469635963439941,"swell1Direction":0.0,"swell2Height":0.6544592976570129,"swell2Period":8.454695701599121,"swell2Direction":110.0}},{"type":"Feature","geometry":{"type":"Point","coordinates":[127.0,23.400000000000002]},"properties":{"model":"MRI3","waveHeight":2.3420767784118652,"wavePeriod":8.753700256347656,"peakPeriod":9.192388534545898,"waveDirection":10.0,"windSpeed":8.097363471984863,"windDirection":58.17463684082031,"swellHeight":2.074315309524536,"windSeaHeight":1.0874463319778442,"seaLevelPressure":1023.5,"windSeaHeight_w":1.0874463319778442,"windSeaPeriod_w":6.019320487976074,"windSeaDir_w":60.0,"swell1Height":1.9767056703567505,"swell1Period":9.591392517089844,"swell1Direction":0.0,"swell2Height":0.6153159737586975,"swell2Period":8.751449584960938,"swell2Direction":110.0}},{"type":"Feature","geometry":{"type":"Point","coordinates":[127.8,23.400000000000002]},"properties":{"model":"MRI3","waveHeight":2.3763134479522705,"wavePeriod":8.820109367370605,"peakPeriod":9.192388534545898,"waveDirection":10.0,"windSpeed":8.27392292022705,"windDirection":55.63771057128906,"swellHeight":2.098891496658325,"windSeaHeight":1.1142350435256958,"seaLevelPressure":1023.4000244140625,"windSeaHeight_w":1.1142350435256958,"windSeaPeriod_w":6.048605442047119,"windSeaDir_w":50.0,"swell1Height":2.0180599689483643,"swell1Period":9.666455268859863,"swell1Direction":350.0,"swell2Height":0.5501132011413574,"swell2Period":9.025219917297363,"swell2Direction":110.0}},{"type":"Feature","geometry":{"type":"Point","coordinates":[128.6,23.400000000000002]},"properties":{"model":"MRI3","waveHeight":2.383673906326294,"wavePeriod":8.894821166992188,"peakPeriod":10.024370193481445,"waveDirection":0.0,"windSpeed":8.087353706359863,"windDirection":52.08153533935547,"swellHeight":2.116560697555542,"windSeaHeight":1.0963908433914185,"seaLevelPressure":1023.2999877929688,"windSeaHeight_w":1.0963908433914185,"windSeaPeriod_w":5.990349769592285,"windSeaDir_w":50.0,"swell1Height":2.030921697616577,"swell1Period":9.772041320800781,"swell1Direction":350.0,"swell2Height":0.5651296973228455,"swell2Period":8.751729965209961,"swell2Direction":100.0}},{"type":"Feature","geometry":{"type":"Point","coordinates":[129.4,23.400000000000002]},"properties":{"model":"MRI3","waveHeight":2.3803863525390625,"wavePeriod":8.938773155212402,"peakPeriod":10.024370193481445,"waveDirection":0.0,"windSpeed":8.00230598449707,"windDirection":50.22193908691406,"swellHeight":2.132808208465576,"windSeaHeight":1.0570565462112427,"seaLevelPressure":1023.2000122070312,"windSeaHeight_w":1.0570565462112427,"windSeaPeriod_w":5.9281134605407715,"windSeaDir_w":50.0,"swell1Height":2.052917957305908,"swell1Period":9.76230525970459,"swell1Direction":350.0,"swell2Height":0.5422462821006775,"swell2Period":8.890317916870117,"swell2Direction":100.0}},{"type":"Feature","geometry":{"type":"Point","coordinates":[130.2,23.400000000000002]},"properties":{"model":"MRI3","waveHeight":2.370150566101074,"wavePeriod":8.950220108032227,"peakPeriod":10.024370193481445,"waveDirection":0.0,"windSpeed":7.916849136352539,"windDirection":46.89381408691406,"swellHeight":2.135179281234741,"windSeaHeight":1.028894066810608,"seaLevelPressure":1023.0,"windSeaHeight_w":1.028894066810608,"windSeaPeriod_w":5.904865264892578,"windSeaDir_w":40.0,"swell1Height":2.040271043777466,"swell1Period":9.709651947021484,"swell1Direction":340.0,"swell2Height":0.6088381409645081,"swell2Period":9.275467872619629,"swell2Direction":100.0}},{"type":"Feature","geometry":{"type":"Point","coordinates":[131.0,23.400000000000002]},"properties":{"model":"MRI3","waveHeight":2.372046709060669,"wavePeriod":8.913119316101074,"peakPeriod":10.024370193481445,"waveDirection":0.0,"windSpeed":7.967044353485107,"windDirection":42.965484619140625,"swellHeight":2.1132147312164307,"windSeaHeight":1.077463984489441,"seaLevelPressure":1022.9000244140625,"windSeaHeight_w":1.077463984489441,"windSeaPeriod_w":5.967857837677002,"windSeaDir_w":40.0,"swell1Height":1.9984569549560547,"swell1Period":9.771979331970215,"swell1Direction":340.0,"swell2Height":0.6687885522842407,"swell2Period":9.023845672607422,"swell2Direction":90.0}},{"type":"Feature","geometry":{"type":"Point","coordinates":[131.8,23.400000000000002]},"properties":{"model":"MRI3","waveHeight":2.3945257663726807,"wavePeriod":8.864368438720703,"peakPeriod":10.024370193481445,"waveDirection":0.0,"windSpeed":7.741866111755371,"windDirection":38.128143310546875,"swellHeight":2.161703109741211,"windSeaHeight":1.029948115348816,"seaLevelPressure":1022.9000244140625,"windSeaHeight_w":1.029948115348816,"windSeaPeriod_w":5.7983269691467285,"windSeaDir_w":40.0,"swell1Height":2.037250280380249,"swell1Period":9.646639823913574,"swell1Direction":340.0,"swell2Height":0.7080240249633789,"swell2Period":8.99625301361084,"swell2Direction":100.0}},{"type":"Feature","geometry":{"type":"Point","coordinates":[132.6,23.400000000000002]},"properties":{"model":"MRI3","waveHeight":2.4250481128692627,"wavePeriod":8.823698043823242,"peakPeriod":9.192388534545898,"waveDirection":0.0,"windSpeed":7.649581432342529,"windDirection":33.2122802734375,"swellHeight":2.176743745803833,"windSeaHeight":1.0689460039138794,"seaLevelPressure":1022.7000122070312,"windSeaHeight_w":1.0689460039138794,"windSeaPeriod_w":5.854601860046387,"windSeaDir_w":30.0,"swell1Height":2.032686948776245,"swell1Period":9.665677070617676,"swell1Direction":340.0,"swell2Height":0.7626271843910217,"swell2Period":8.803906440734863,"swell2Direction":100.0}},{"type":"Feature","geometry":{"type":"Point","coordinates":[133.4,23.400000000000002]},"properties":{"model":"MRI3","waveHeight":2.4571456909179688,"wavePeriod":8.795792579650879,"peakPeriod":9.192388534545898,"waveDirection":0.0,"windSpeed":7.650464057922363,"windDirection":29.78204345703125,"swellHeight":2.2148513793945312,"windSeaHeight":1.063954472541809,"seaLevelPressure":1022.4000244140625,"windSeaHeight_w":1.063954472541809,"windSeaPeriod_w":5.838893413543701,"windSeaDir_w":30.0,"swell1Height":2.067598342895508,"swell1Period":9.596550941467285,"swell1Direction":340.0,"swell2Height":0.7770553827285767,"swell2Period":8.819666862487793,"swell2Direction":100.0}},{"type":"Feature","geometry":{"type":"Point","coordinates":[134.2,23.400000000000002]},"properties":{"model":"MRI3","waveHeight":2.4711010456085205,"wavePeriod":8.771902084350586,"peakPeriod":9.192388534545898,"waveDirection":0.0,"windSpeed":7.960433006286621,"windDirection":26.725997924804688,"swellHeight":2.2121944427490234,"windSeaHeight":1.1011524200439453,"seaLevelPressure":1022.2000122070312,"windSeaHeight_w":1.1011524200439453,"windSeaPeriod_w":5.951852798461914,"windSeaDir_w":30.0,"swell1Height":2.042043924331665,"swell1Period":9.553092956542969,"swell1Direction":340.0,"swell2Height":0.831250786781311,"swell2Period":9.152297973632812,"swell2Direction":80.0}},{"type":"Feature","geometry":{"type":"Point","coordinates":[118.2,24.200000000000003]},"properties":{"model":"MRI3","waveHeight":1.185950756072998,"wavePeriod":6.64298677444458,"peakPeriod":7.729846477508545,"waveDirection":70.0,"windSpeed":8.642800331115723,"windDirection":23.599014282226562,"swellHeight":0.8764417171478271,"windSeaHeight":0.798954963684082,"seaLevelPressure":1024.800048828125,"windSeaHeight_w":0.798954963684082,"windSeaPeriod_w":5.391024112701416,"windSeaDir_w":40.0,"swell1Height":0.8750261068344116,"swell1Period":7.686358451843262,"swell1Direction":80.0,"swell2Height":0.03301697224378586,"swell2Period":4.525324821472168,"swell2Direction":320.0}},{"type":"Feature","geometry":{"type":"Point","coordinates":[119.0,24.200000000000003]},"properties":{"model":"MRI3","waveHeight":2.299989938735962,"wavePeriod":7.024552345275879,"peakPeriod":7.729846477508545,"waveDirection":40.0,"windSpeed":10.948990821838379,"windDirection":21.3155517578125,"swellHeight":0.8527960777282715,"windSeaHeight":2.1360459327697754,"seaLevelPressure":1023.7999877929688,"windSeaHeight_w":2.1360459327697754,"windSeaPeriod_w":6.967772483825684,"windSeaDir_w":40.0,"swell1Height":0.8382196426391602,"swell1Period":7.420254707336426,"swell1Direction":80.0,"swell2Height":0.12403544783592224,"swell2Period":5.27937650680542,"swell2Direction":310.0}},{"type":"Feature","geometry":{"type":"Point","coordinates":[119.8,24.200000000000003]},"properties":{"model":"MRI3","waveHeight":1.8369663953781128,"wavePeriod":6.9686055183410645,"peakPeriod":7.729846477508545,"waveDirection":30.0,"windSpeed":9.180991172790527,"windDirection":23.018310546875,"swellHeight":0.7227120995521545,"windSeaHeight":1.6888258457183838,"seaLevelPressure":1022.7999877929688,"windSeaHeight_w":1.6888258457183838,"windSeaPeriod_w":6.707767009735107,"windSeaDir_w":20.0,"swell1Height":0.6692545413970947,"swell1Period":8.947664260864258,"swell1Direction":50.0,"swell2Height":0.19286227226257324,"swell2Period":4.742493152618408,"swell2Direction":310.0}},{"type":"Feature","geometry":{"type":"Point","coordinates":[122.2,24.200000000000003]},"properties":{"model":"MRI3","waveHeight":1.6818774938583374,"wavePeriod":8.406893730163574,"peakPeriod":8.42945671081543,"waveDirection":40.0,"windSpeed":3.4956116676330566,"windDirection":95.41702270507812,"swellHeight":1.6804447174072266,"windSeaHeight":0.06940600275993347,"seaLevelPressure":1024.5999755859375,"windSeaHeight_w":0.06940600275993347,"windSeaPeriod_w":3.665215492248535,"windSeaDir_w":100.0,"swell1Height":1.5870027542114258,"swell1Period":8.486027717590332,"swell1Direction":30.0,"swell2Height":0.5436307191848755,"swell2Period":7.905226230621338,"swell2Direction":130.0}},{"type":"Feature","geometry":{"type":"Point","coordinates":[123.0,24.200000000000003]},"properties":{"model":"MRI3","waveHeight":1.875824213027954,"wavePeriod":8.479692459106445,"peakPeriod":8.42945671081543,"waveDirection":30.0,"windSpeed":5.500445365905762,"windDirection":89.27082824707031,"swellHeight":1.826380968093872,"windSeaHeight":0.42784199118614197,"seaLevelPressure":1024.5999755859375,"windSeaHeight_w":0.42784199118614197,"windSeaPeriod_w":4.551927089691162,"windSeaDir_w":90.0,"swell1Height":1.7139331102371216,"swell1Period":8.739245414733887,"swell1Direction":20.0,"swell2Height":0.6195947527885437,"swell2Period":8.46097469329834,"swell2Direction":120.0}},{"type":"Feature","geometry":{"type":"Point","coordinates":[123.8,24.200000000000003]},"properties":{"model":"MRI3","waveHeight":1.8613107204437256,"wavePeriod":8.650078773498535,"peakPeriod":9.192388534545898,"waveDirection":20.0,"windSpeed":3.9563746452331543,"windDirection":72.34361267089844,"swellHeight":1.854373574256897,"windSeaHeight":0.160549134016037,"seaLevelPressure":1024.5,"windSeaHeight_w":0.160549134016037,"windSeaPeriod_w":3.8320870399475098,"windSeaDir_w":70.0,"swell1Height":1.738294005393982,"swell1Period":8.784590721130371,"swell1Direction":10.0,"swell2Height":0.6332509517669678,"swell2Period":8.052962303161621,"swell2Direction":120.0}},{"type":"Feature","geometry":{"type":"Point","coordinates":[124.6,24.200000000000003]},"properties":{"model":"MRI3","waveHeight":2.072719097137451,"wavePeriod":8.677309036254883,"peakPeriod":9.192388534545898,"waveDirection":20.0,"windSpeed":6.40449857711792,"windDirection":69.52772521972656,"swellHeight":1.9532885551452637,"windSeaHeight":0.693418025970459,"seaLevelPressure":1024.4000244140625,"windSeaHeight_w":0.693418025970459,"windSeaPeriod_w":5.1798858642578125,"windSeaDir_w":70.0,"swell1Height":1.8429088592529297,"swell1Period":9.21441650390625,"swell1Direction":10.0,"swell2Height":0.6390592455863953,"swell2Period":8.382061004638672,"swell2Direction":110.0}},{"type":"Feature","geometry":{"type":"Point","coordinates":[125.4,24.200000000000003]},"properties":{"model":"MRI3","waveHeight":1.9907991886138916,"wavePeriod":8.504655838012695,"peakPeriod":9.192388534545898,"waveDirection":20.0,"windSpeed":6.779749393463135,"windDirection":65.51409149169922,"swellHeight":1.8456385135650635,"windSeaHeight":0.746256947517395,"seaLevelPressure":1024.2000732421875,"windSeaHeight_w":0.746256947517395,"windSeaPeriod_w":5.313464164733887,"windSeaDir_w":70.0,"swell1Height":1.762802004814148,"swell1Period":9.092039108276367,"swell1Direction":10.0,"swell2Height":0.5346987843513489,"swell2Period":8.473674774169922,"swell2Direction":120.0}},{"type":"Feature","geometry":{"type":"Point","coordinates":[126.2,24.200000000000003]},"properties":{"model":"MRI3","waveHeight":2.289222002029419,"wavePeriod":8.917550086975098,"peakPeriod":9.192388534545898,"waveDirection":10.0,"windSpeed":7.128996849060059,"windDirection":65.55604553222656,"swellHeight":2.1469712257385254,"windSeaHeight":0.7943877577781677,"seaLevelPressure":1024.0999755859375,"windSeaHeight_w":0.7943877577781677,"windSeaPeriod_w":5.41982889175415,"windSeaDir_w":70.0,"swell1Height":2.0779128074645996,"swell1Period":9.454055786132812,"swell1Direction":0.0,"swell2Height":0.5224200487136841,"swell2Period":8.696410179138184,"swell2Direction":110.0}},{"type":"Feature","geometry":{"type":"Point","coordinates":[127.0,24.200000000000003]},"properties":{"model":"MRI3","waveHeight":2.3434977531433105,"wavePeriod":9.058229446411133,"peakPeriod":10.024370193481445,"waveDirection":0.0,"windSpeed":6.862827301025391,"windDirection":57.37513732910156,"swellHeight":2.209075927734375,"windSeaHeight":0.7822822332382202,"seaLevelPressure":1024.0,"windSeaHeight_w":0.7822822332382202,"windSeaPeriod_w":5.343933582305908,"windSeaDir_w":60.0,"swell1Height":2.1360599994659424,"swell1Period":9.598467826843262,"swell1Direction":350.0,"swell2Height":0.5429015755653381,"swell2Period":8.610957145690918,"swell2Direction":110.0}},{"type":"Feature","geometry":{"type":"Point","coordinates":[127.8,24.200000000000003]},"properties":{"model":"MRI3","waveHeight":2.3783023357391357,"wavePeriod":9.153080940246582,"peakPeriod":10.024370193481445,"waveDirection":0.0,"windSpeed":6.735725402832031,"windDirection":55.035865783691406,"swellHeight":2.258197784423828,"windSeaHeight":0.7462336421012878,"seaLevelPressure":1023.9000244140625,"windSeaHeight_w":0.7462336421012878,"windSeaPeriod_w":5.274184703826904,"windSeaDir_w":60.0,"swell1Height":2.19256591796875,"swell1Period":9.648051261901855,"swell1Direction":350.0,"swell2Height":0.5064719915390015,"swell2Period":8.662930488586426,"swell2Direction":110.0}},{"type":"Feature","geometry":{"type":"Point","coordinates":[128.6,24.200000000000003]},"properties":{"model":"MRI3","waveHeight":2.401031017303467,"wavePeriod":9.215221405029297,"peakPeriod":10.024370193481445,"waveDirection":350.0,"windSpeed":6.635849475860596,"windDirection":51.17839050292969,"swellHeight":2.2724013328552246,"windSeaHeight":0.7753341197967529,"seaLevelPressure":1023.9000244140625,"windSeaHeight_w":0.7753341197967529,"windSeaPeriod_w":5.293753623962402,"windSeaDir_w":50.0,"swell1Height":2.211656332015991,"swell1Period":9.746397018432617,"swell1Direction":350.0,"swell2Height":0.49889805912971497,"swell2Period":8.511265754699707,"swell2Direction":100.0}},{"type":"Feature","geometry":{"type":"Point","coordinates":[129.4,24.200000000000003]},"properties":{"model":"MRI3","waveHeight":2.4044644832611084,"wavePeriod":9.265759468078613,"peakPeriod":10.024370193481445,"waveDirection":350.0,"windSpeed":6.420007705688477,"windDirection":47.58824157714844,"swellHeight":2.294830799102783,"windSeaHeight":0.7177752256393433,"seaLevelPressure":1023.7000122070312,"windSeaHeight_w":0.7177752256393433,"windSeaPeriod_w":5.138352870941162,"windSeaDir_w":50.0,"swell1Height":2.2391161918640137,"swell1Period":9.734593391418457,"swell1Direction":340.0,"swell2Height":0.4699881374835968,"swell2Period":8.63177490234375,"swell2Direction":100.0}},{"type":"Feature","geometry":{"type":"Point","coordinates":[130.2,24.200000000000003]},"properties":{"model":"MRI3","waveHeight":2.396963596343994,"wavePeriod":9.279791831970215,"peakPeriod":10.024370193481445,"waveDirection":350.0,"windSpeed":6.335928916931152,"windDirection":44.48844909667969,"swellHeight":2.2807483673095703,"windSeaHeight":0.7373068928718567,"seaLevelPressure":1023.5,"windSeaHeight_w":0.7373068928718567,"windSeaPeriod_w":5.162497520446777,"windSeaDir_w":40.0,"swell1Height":2.2112669944763184,"swell1Period":9.794059753417969,"swell1Direction":340.0,"swell2Height":0.5307653546333313,"swell2Period":8.607538223266602,"swell2Direction":100.0}},{"type":"Feature","geometry":{"type":"Point","coordinates":[131.0,24.200000000000003]},"properties":{"model":"MRI3","waveHeight":2.3957748413085938,"wavePeriod":9.242240905761719,"peakPeriod":10.024370193481445,"waveDirection":340.0,"windSpeed":6.374080181121826,"windDirection":37.157562255859375,"swellHeight":2.2820427417755127,"windSeaHeight":0.7293957471847534,"seaLevelPressure":1023.4000244140625,"windSeaHeight_w":0.7293957471847534,"windSeaPeriod_w":5.14523983001709,"windSeaDir_w":40.0,"swell1Height":2.2107584476470947,"swell1Period":9.736328125,"swell1Direction":340.0,"swell2Height":0.5371786952018738,"swell2Period":8.745681762695312,"swell2Direction":100.0}},{"type":"Feature","geometry":{"type":"Point","coordinates":[131.8,24.200000000000003]},"properties":{"model":"MRI3","waveHeight":2.398956537246704,"wavePeriod":9.197072982788086,"peakPeriod":10.024370193481445,"waveDirection":340.0,"windSpeed":6.498222351074219,"windDirection":31.341796875,"swellHeight":2.276118040084839,"windSeaHeight":0.7578117251396179,"seaLevelPressure":1023.1000366210938,"windSeaHeight_w":0.7578117251396179,"windSeaPeriod_w":5.173811912536621,"windSeaDir_w":30.0,"swell1Height":2.1968636512756348,"swell1Period":9.73361587524414,"swell1Direction":340.0,"swell2Height":0.5683978796005249,"swell2Period":8.64242172241211,"swell2Direction":90.0}},{"type":"Feature","geometry":{"type":"Point","coordinates":[132.6,24.200000000000003]},"properties":{"model":"MRI3","waveHeight":2.4135653972625732,"wavePeriod":9.143961906433105,"peakPeriod":10.024370193481445,"waveDirection":340.0,"windSpeed":6.9455952644348145,"windDirection":27.15533447265625,"swellHeight":2.2581706047058105,"windSeaHeight":0.8520345687866211,"seaLevelPressure":1022.9000244140625,"windSeaHeight_w":0.8520345687866211,"windSeaPeriod_w":5.456320285797119,"windSeaDir_w":30.0,"swell1Height":2.18106746673584,"swell1Period":9.74215316772461,"swell1Direction":340.0,"swell2Height":0.5640698075294495,"swell2Period":8.853275299072266,"swell2Direction":90.0}},{"type":"Feature","geometry":{"type":"Point","coordinates":[133.4,24.200000000000003]},"properties":{"model":"MRI3","waveHeight":2.450587272644043,"wavePeriod":9.083943367004395,"peakPeriod":10.024370193481445,"waveDirection":340.0,"windSpeed":7.560118675231934,"windDirection":21.168106079101562,"swellHeight":2.228888988494873,"windSeaHeight":1.0185441970825195,"seaLevelPressure":1022.7000122070312,"windSeaHeight_w":1.0185441970825195,"windSeaPeriod_w":5.84909725189209,"windSeaDir_w":20.0,"swell1Height":2.120168685913086,"swell1Period":9.85081672668457,"swell1Direction":330.0,"swell2Height":0.6703351736068726,"swell2Period":9.04649543762207,"swell2Direction":80.0}},{"type":"Feature","geometry":{"type":"Point","coordinates":[134.2,24.200000000000003]},"properties":{"model":"MRI3","waveHeight":2.494032382965088,"wavePeriod":9.059475898742676,"peakPeriod":10.024370193481445,"waveDirection":340.0,"windSpeed":8.140024185180664,"windDirection":16.11944580078125,"swellHeight":2.234994411468506,"windSeaHeight":1.106796383857727,"seaLevelPressure":1022.5,"windSeaHeight_w":1.106796383857727,"windSeaPeriod_w":6.070565223693848,"windSeaDir_w":10.0,"swell1Height":2.1409990787506104,"swell1Period":9.864011764526367,"swell1Direction":330.0,"swell2Height":0.6073747873306274,"swell2Period":9.344526290893555,"swell2Direction":70.0}}]}